,0,1,2,3,4,5,6,7,8,9,10,11,12,13,14,15,16,17,18,19,20,21,22,23
0,MS4A18,CUX2,SIX3,ICOS,ADH1B,IL1RN,FAM163A,TBX1,FBP1,CYP4F3,XCR1,PF4,RGS13,TAGLN3,SDC1,STEAP1,CA10,GJA5,SIGLEC8,ACOD1,WNT7A,BANK1,SERPINB3,GZMH
1,MFAP4,CLEC4C,UGT2A3,CTLA4,TMEM196,DEFA3,PAPPA,GNAT3,CCL18,RNASE2,GPR31,CLEC4M,CTCFL,HBA1,XBP1,C5orf46,TFPI2,SOX17,PLA2G2D,ANKRD22,CD40LG,MS4A1,SLC6A14,GNLY
2,L1CAM,LILRA4,MMP7,TMEM232,CCL21,PI3,FCAMR,HP,MMP12,BPI,SLC24A4,CLEC4G,AICDA,DTHD1,TENT5C,COL3A1,DHRS2,PREX2,FUCA1,LILRB2,CA6,FCRL1,RASSF10,KLRC1
3,CLDN3,LAMP5,ST8SIA3,TNIP3,ZNF804B,HCAR2,PAMR1,FLNC,ALOX15B,CEACAM8,RAB7B,LRRC55,CAMP,RGS6,IGLL5,GPC6,IL9,COL15A1,SIGLEC1,FCN1,XCL2,OR2T11,PRR15,PRF1
4,EMX2,PTCRA,ODF1,TRAT1,COL14A1,TNFAIP6,ERICH3,TFF3,DCSTAMP,RGR,CLEC9A,BCL2L10,CD79B,PRDM8,DERL3,COL1A1,GMNC,AQP1,C1QB,CD300E,KRT72,PAX5,SLITRK6,KLRC2
5,CLU,ARL5C,TNP2,RPH3A,SLC26A7,FFAR2,NPPC,VIP,ORM1,PRTN3,AIRE,CLEC3B,CD79A,FASLG,TAS1R3,POSTN,KRT40,CLEC14A,C1QC,LILRA1,SCML4,CD22,SERPINB13,ZNF683
6,CXCL13,SCT,ILDR1,CDKL2,GREM1,C15orf48,CR2,CRISP2,CDCP1,FCGR3B,NPTX1,STAB2,VPREB3,HAVCR1,DUSP26,PI15,FGF8,SEMA3G,CROCC2,CD33,AK5,SLC38A11,PRSS22,KIR2DL4
7,HS3ST3A1,GZMB,ASZ1,IL21,TNFSF11,HCAR3,SLC1A2,CRISP3,FPR3,PROK2,CPVL,MARCO,SERPINA9,MYB,DCC,MMP1,TRIM15,DHH,FOLR2,CX3CR1,GZMM,TNFRSF13B,SOX2,KLRF1
8,LRTM1,SLC12A3,WNT2,PTPN13,ADRA1A,MTRNR2L1,RGS9,PROX1,CD163,CXCR2,CLNK,CD209,NKX6-3,GZMK,FCRL5,SULF1,CCL17,USH1C,FOLR1,MT1G,HPCAL4,UGT8,OR14J1,CD8A
9,S1PR3,SHD,DUX4,THEMIS,FMO2,MMP8,VIT,SGIP1,SULT1C2,VNN3,FLT3,NRSN1,ACY3,IL19,RASSF6,COL1A2,CCL22,SLCO2A1,IL18,CLEC12B,IL7R,NETO1,DEFB1,NMUR1
10,SCARA5,ARPP21,TNFRSF8,TOX2,SHISA3,AQP9,DCX,PCSK6,NT5DC4,CXCR1,ZNF366,GDF10,JCHAIN,EOMES,PIM2,DCN,EDIL3,ANO2,APOE,LILRB1,TXK,KCNG1,C11orf87,PRSS2
11,GALNT16,DPPA4,KCND2,ITK,FHL5,KCNJ15,CHST8,FLT4,ALOX15,S100A12,S100B,ZNF728,EML6,CRTAM,KIF19,THBS2,SORCS3,PCDH17,CD163L1,CLEC12A,OPRM1,RALGPS2,SLC26A4,C19orf84
12,ISLR,KLRF2,PDZRN4,SPOCK2,SLITRK2,GLT1D1,CTXND1,CYP8B1,MT1H,TNFRSF10C,CD1E,SCYGR4,ENAM,B3GAT1,NLRP14,CA12,GNGT1,SELE,PLA2G7,CD300LF,NELL2,BLK,MUC16,IL2RB
13,NPB,RGS7,OSTN,GREM2,C7,IL1B,CAPN6,KDR,NDP,S100P,CD1B,CLDN22,MZB1,ZNF80,SPAG4,SFRP2,CSMD3,NOTCH4,GPNMB,FCER1G,GIMAP7,COL19A1,STC1,GZMA
14,INSM1,COL24A1,CDH8,PRG4,SVEP1,KCNJ2,HEPACAM,GPR1,MEP1A,RETN,LAMP3,HRC,BFSP2,HBA2,TXNDC5,LRRC15,BRINP2,SEMA3F,TIMD4,SLAMF8,CD3E,KHDRBS2,KRT19,CD8B
15,ST8SIA2,SLC35F3,GAP43,ILDR2,CLSTN2,SERPINA1,HEPN1,MYCT1,SLC7A11,PTGER1,PRDM16,CEMIP,CADPS,BCL11B,IL22,FMO1,TRIM55,GSDMC,C1QA,SLC31A2,MAL,STAP1,FYB2,CTSW
16,MYH8,PHEX,IL12B,TNFRSF18,CXCL12,CCL4,MUC15,F2RL3,F13A1,CSF3R,ENPP1,TIMP3,NUGGC,BICDL1,MIXL1,CILP,KCNQ2,FAM110D,MAFB,TLR8,EDAR,SHISAL2A,WFDC2,XCL1
17,TCEAL2,COL26A1,FREM2,FOXP3,EPHA3,CASP5,SERPINA5,RHAG,NR1H3,S100A8,ENTHD1,ZNF385B,RPLP2,PTPN3,POU2AF1,PLA2G2A,PRAME,BTBD17,APOC1,SIGLEC7,PDCD1,CLEC17A,SLC34A2,SPTSSB
18,OR8A1,PACSIN1,PNLIPRP3,CCR4,PTPRQ,CEACAM3,CYP4A11,PTX3,LILRB4,S100A9,PLEKHG4B,CXCL2,FCRL2,CD6,ACOXL,SCGB3A2,NDST4,ZNF385D,HMOX1,IL31RA,CACNA1I,CCR6,TMPRSS4,SAMD3
19,AADACL2,KCNK10,POU3F1,VWDE,OTOGL,MEFV,RPE65,FOXC2,PLAU,CXCL8,TNNT2,CLDN5,CD19,CD28,ZNF215,CCL11,ISX,MECOM,LPL,CLEC1B,CAMK4,TLR10,KRT17,KLRD1
20,MYH2,LRRC36,KISS1R,FOXB1,CXCL14,FPR2,DKK1,CD36,HTRA4,SLC11A1,CCSER1,LYVE1,RPS27,SIRPG,ITGA8,COL5A2,IL13,TLL1,MS4A4A,PTGER2,LEF1,LIX1,SERPINB7,PPP2R2B
21,ABI3BP,PLEKHD1,HYAL4,PLA2G2C,FMO3,FCGR1B,FDCSP,CNKSR3,HK3,MME,NEGR1,CAVIN2,FCRLA,TIGIT,TMC3,BICC1,GGT2,VWF,ACSM4,MS4A14,TC2N,CD52,MMP10,CD2
22,C3,PLD4,PIFO,SSTR3,VGLL3,MCEMP1,FGF14,SEMA3D,ASGR1,ADGRG3,IDO2,TPO,RPS25,LAT,PNOC,COL6A3,FRG2C,SPARCL1,LILRB5,P2RY2,SELL,LARGE2,SAA1,PZP
23,PRUNE2,RASD1,CD86,SKAP1,AOX1,NFE2,NPHS1,TSPEAR,CLEC5A,TREM1,ANPEP,CXCL5,TNFRSF17,CD3G,PAH,PDZRN3,TRIM10,ADGRL4,MMP9,SOWAHD,GIMAP4,ZNF860,ELF3,CCL5
24,TPM1,GUCY2D,HGF,PDE3B,ADAM33,OR52K1,SNAP91,EGFL7,OLR1,TGM3,FGL2,NTS,SNRPD2,CD3D,CNKSR1,FGF7,EEF1A2,ABCB1,SELENOP,AIFM3,ITM2A,GLYATL1B,CDH6,PTGDR
25,MUSK,KCNK17,CFTR,IL12RB2,PTH1R,SIGLEC5,SERPINE2,MMRN1,VENTX,CLCA2,LGALS2,BMP2,RPS15A,ESM1,ARGFX,FAP,MAGEB2,EMCN,MS4A6A,SLC8A1,VSIG1,OR2G6,XDH,NCR1
26,ASIC2,ZFAT,ZYG11A,TSHR,APLNR,DMRTC2,ABCB11,PARD6G,FMN1,KCNJ16,NALCN,IGLL1,FCRL4,FAM9C,WNT10B,NOX4,RYR2,PALMD,CMKLR1,AOAH,IL24,PARP15,ESRP1,NKG7
27,MFGE8,RHEX,RGS21,BTBD11,ID4,B3GNT8,SMOX,TIE1,SLC1A3,DPEP3,HTR7,C6orf141,AFF2,TCN1,OR10A2,INHBA,KSR2,PLVAP,SLC40A1,RTN1,VWA5B1,LY86,ERN2,CD244
28,LOXL1,FAM160A1,SIM1,GRAP2,NGF,GK,SCTR,RASSF9,MITF,NAMPT,LAD1,FABP4,MYBL1,FXYD2,OR6A2,COL8A1,CYP4Z1,MGP,CSF1R,ADGRE2,SBK1,CNR2,CAPN8,TOGARAM2
29,LGI2,DACH1,UGT2B17,IL2RA,RSPO1,SLC25A37,NGFR,ADAMTS7,MMP2,ACSL1,LRRC18,GPR182,RPL28,HAVCR2,OR2AG2,LUM,GRIN2A,ADAMTS1,CTSL,P2RX7,PPIAL4G,ABCB4,PIGR,STYK1
30,RRAD,DNASE1L3,ASCL1,RTKN2,BMP4,IL1R2,DSC3,TMEM255B,ST18,MXD1,ELAVL4,EGF,FCRL3,ZNF831,PDK1,ITGBL1,SLC35F4,CD34,MS4A4E,FGD2,SPINK2,GLYATL1,PAX1,SH2D1B
31,CYP27C1,SCN9A,TCF15,TNFSF8,MRGPRF,CLEC4E,GABRA5,EFCC1,NOS1AP,FCGR2A,PRIMA1,ANKRD1,RPS11,LCK,TP53INP1,STEAP2,ADAMTS16,NOS3,SDC3,RAB37,C9orf135,KCNH8,DSG3,CD7
32,DMKN,TCL1A,RPL39,TNFRSF25,MROH2A,RNF175,SMIM36,BCL6B,NPFFR1,RGS2,CLCN1,CCL16,RPL19,FCMR,CFAP54,CCBE1,COL6A5,ESAM,CD68,EMILIN2,TCF7,LPAR5,ADGRF1,SH2D2A
33,PDLIM4,COBL,SOX5,CD5,EN1,CCL3,TREML1,PSORS1C1,SLC16A10,IFITM2,WDFY4,SYN3,RPS6,JAKMIP1,BMP6,MXRA5,IGF2BP1,ARHGEF15,ITGAD,RAB39A,TRAF3IP3,SNX22,TRIM29,CXCR6
34,CITED4,MAP1A,KCNMA1,UBASH3A,TTPA,C3AR1,INHBB,CARD10,CAPG,BTNL8,HLA-DRA,MEOX2,RPL27A,CD27,KCNN3,FBLN1,LRP2,SPP1,TDRD6,MYO7B,APBA2,WNT16,ALDH3B2,IFNG
35,BNC1,GAPT,ROBO2,ASB2,DES,UPB1,CHRNA1,UBE2U,KCNE1,STEAP4,CADM1,NR5A2,CFAP299,PHF21B,ZBP1,ITGA11,IL5RA,ADGRG1,MMP3,DOK2,RETREG1,IL9R,SERPINB4,LGR6
36,CHRNA3,KCTD19,FAM78B,CASR,MAP1LC3C,ADGRE1,B4GALNT4,FAM162B,OLFML2B,MGAM,IDO1,BMPER,RPS27A,F5,LAX1,BGN,FAXC,LHX6,CEBPA,CALHM6,RCAN3,IKZF3,KRT15,AREG
37,PGR,FAM221B,CD80,TMIGD2,DLX5,CCR1,ADRB1,HOXD9,IL22RA2,LILRB3,WNT5B,NR2F1,RPS23,SLC9A2,TPTE2,TWIST2,ARL14EPL,FAM167B,GPR85,ALDH3B1,RNF125,CPED1,KRT14,TTC16
38,SLC22A8,CLIC3,BCAS1,GLB1L3,CCL19,CCL4L2,WFDC13,CDSN,CLEC6A,ALPL,HLA-DPB1,LRRTM4,RPL23A,PHLDA1,CPNE5,SRPX2,TMEM92,TCTEX1D1,RAB42,CD1D,CD69,C12orf42,FOXN1,S1PR5
39,FOXG1,DRD4,EBI3,CPA5,SLC22A3,FCGR1A,CKMT1B,LRRN4CL,CYP27B1,KY,CSF2RA,GATA6,RPS3,S1PR4,FBXO16,DPT,MAGEA4,ERICH4,ATP6V0D2,SUCNR1,RNF144A,HLA-DMB,CYP2C9,CD247
40,PHLDA2,TDRD1,GRID1,TSHZ2,PCDH11X,CCL3L1,GABRG3,TMEM235,VSIG4,NLRP12,GPC5,KRTAP10-4,FAU,KL,P2RX1,COMP,CSF2,CYTL1,CLEC4F,SIRPD,LY9,CD72,KRT6A,CD96
41,MYH1,SIGLEC6,CNBD1,CEP128,EBF3,SECTM1,EXOC3L4,SEMA3A,TMEM150B,PADI4,HLA-DPA1,LIMS2,SSR4,NRIP3,SLC17A9,WT1,OR4F15,GPR17,HAMP,VSTM1,LBH,CNKSR2,SULT1E1,PYHIN1
42,WFDC8,NAT8L,SORD,ANK3,DTNA,CCRL2,NKAIN2,PRKG1,GPR84,FCAR,HLA-DQB1,BARX2,RPL35,AQP3,PAIP2B,PODN,MAGEB1,SPAAR,SLC4A1,ASCL2,RASGRP2,P2RY10,RIPK4,A2M
43,RGS11,LRRC26,UTS2B,INPP4B,SLIT3,TREML4,ITIH5,EFNA5,CES1,IL18RAP,ROR1,TNFAIP8L3,RPS18,VSTM2B,BHLHE41,MFAP2,BMP10,VSIG2,KCNJ5,ASGR2,TBC1D10C,LYL1,C2CD4A,NCAM1
44,CTSE,BCL11A,IL27,FAAH2,VEGFC,SLPI,SORCS1,FLRT2,CCL8,RASGRP4,ID2,CXCL3,RPL23,SLC22A9,HID1,SLC1A7,TENM2,PLCB1,TMEM86A,FYB1,IL32,TNR,PDZK1IP1,ZAP70
45,PTGDS,PTPRS,MMP20,GPRIN3,MROH9,GBP6,ANKRD29,STOX2,SULT1C3,DGAT2,ENO4,LYPD6,TNFRSF13C,NMU,AMPD1,RGS4,SYT1,CALCRL,SIGLEC12,SLAMF7,RNF157,ICOSLG,SERPINB11,LAG3
46,VPS37D,PLAC8,DRD3,CMTM8,FIGN,SLC18A1,NOVA1,LAMA4,KYNU,FRAT2,FBXL14,PEAR1,STMN1,SPX,PYCR1,KIF26B,CACNA1E,THSD7A,CBLN2,GCH1,TSPAN32,BTLA,RNF183,SLC9A3R1
47,SLCO1B1,BLNK,HCG22,MAF,TAGLN,LIPM,CLDN16,SERPINE1,SLC39A8,C5AR2,CD226,NOS2,RPL7A,GTSF1L,CXXC4,VCAN,OPCML,FLT1,TFEC,MYOF,ZMAT4,BEND4,KRT80,GPR171
48,PPP1R17,EPDR1,OR51M1,PSMA1,GRIA4,LIPK,DGKI,RHOJ,RASAL2,CEACAM4,HLA-DRB5,TM4SF18,RPS16,SLC6A20,OR2AG1,PRR16,NYAP2,SHANK3,LYZ,SLC7A7,GIMAP6,GNG7,FABP7,RAB27B
49,ZFPM2,ADGRB3,ETV3L,TRIB2,KCNT2,LIPN,ESRRG,NINL,RASSF4,LILRA6,BTLA,C2orf83,RPL29,TGM5,TDRD15,PCDH7,CNTNAP4,RUNDC3B,CTSB,NAGA,FAM153A,HLA-DOB,PKP3,FCRL6
50,LPAR1,P3H2,RHBDL1,SULT2B1,IGFBP5,WIF1,GEM,STON2,SH3PXD2B,CDA,TSPAN33,GNG11,RPS20,AFF3,GLCCI1,COL5A1,NKAIN3,RAB3C,FTL,LYPD8,ANXA2R,CD180,CCDC8,TBX21
51,COL4A4,LAIR1,PDILT,GNG4,PKNOX2,GCM1,NOL4,RELN,KMO,LILRA2,SDC2,TSPAN7,BIK,KCNQ5,TXNDC11,PDE3A,SEMA3E,ACKR1,DLEU7,ADAP1,VIPR1,CRYBG2,NOTUM,CST7
52,DPYSL3,SEMA3C,LIN7A,SARDH,SMOC2,TMEM121B,EPHX2,FRMD6,FLVCR2,IGFL4,CCND1,NTF3,OOEP,NUCB2,ITGA6,PRICKLE1,IGSF3,SPNS2,RAB20,FZD2,C16orf54,ANGPTL1,SAA4,MATK
53,NRG1,IFNLR1,BCAT1,ACER1,GFRA1,FRMD7,CDC42EP4,UNC5B,TRPM2,MS4A3,POU6F2,TAL1,ZNF90,PRKCQ,HERPUD1,LMCD1,JPH4,SMAD6,GRM5,CARD9,ATP6V0E2,HLA-DOA,GGT6,CDHR1
54,ABCC3,SMPD3,MGLL,CCR5,PLEKHH2,MYBPH,OCA2,PCLO,GGT5,SERPINB10,P2RY6,IRX3,RPS5,PGM2L1,IRF4,GFPT2,FRMPD2,ID1,GFRA2,LRRC25,GIMAP5,HIP1R,CALML3,PRKCH
55,TMEM108,SLA2,DGKG,TTC22,GPR176,MCTP1,PKP2,AFAP1L1,FHAD1,NLRP4,GPAT3,EXOC3L1,RPS12,CCDC141,EAF2,ADAMTS12,CCNI2,SELP,SLC5A4,TNFSF15,GAL3ST4,GPX7,ADGRF4,TOX
56,NPAS2,FAM177B,CXCL10,TMEM244,KCNE4,ALDH1A2,TMEM132C,TSPAN18,TMEM144,PDE6H,RGCC,CCDC39.1,RPS13,IPCEF1,BTG2,FAM20C,CPNE7,CDH5,KCNJ10,FLVCR2,GOLGA7B,RHOH,NDST2,SLFN12L
57,SORCS2,MOGAT1,PPARG,TMPRSS3,ADRA2A,LRRK2,TSPAN11,EMID1,MMP14,OR2AT4,PIK3R6,HOXD10,RPL35A,SLAMF6,PRDM1,COL16A1,OLFM3,TM4SF1,CLEC10A,GBP1,AMIGO1,TMEM156,PAK6,GPR174
58,CNN3,SYCP2L,POLQ,DBH,PCOLCE,DOCK5,FCER2,GJA1,OSCAR,CTRC,ARHGAP20,RAB17,UBA52,DGKA,TRAM2,COL11A1,VWC2,SPRY1,TIFAB,SLC39A8,CARNS1,CD37,PHOX2A,NLRC3
59,TUSC3,ZNF385C,COL4A5,ANKRD62,FNDC1,RNF24,PCOLCE2,KLHL4,FCGR2B,OLFM4,NR4A3,IRX6,PTTG1,ATP10A,SLC15A2,PTGIS,SIGLECL1,MEOX1,SLC37A2,GPR84,SERINC5,SLC14A1,ZNF705A,SYTL2
60,THY1,AJAP1,KIF21A,SIAH3,NPY1R,TLR2,FRMPD1,SV2B,ACP5,WFIKKN1,C17orf99,GPR26,RPL27,FAM184A,ALDH1L2,RERG,AMH,RASIP1,CACNG5,DMXL2,TMC8,EBF1,ABCA13,JAKMIP2
61,TNFSF14,SMIM5,MELK,MAEL,LMOD1,FTH1,CNTN1,PXDN,VNN1,EPHB1,NRXN2,PSD3,HRK,ZNF704,MEI1,TDO2,HR,TRPM6,TMEM26,P2RY6,LDLRAP1,SIDT1,LTF,GATA3
62,TTLL7,TTC24,RORB,ZNRF1,FMOD,DMXL2,LRRTM3,KCNIP1,SLC6A7,CREB5,ADGRB1,LIFR,C19orf53,TESPA1,SLC38A4,GLI2,MYH6,ROBO4,MMP13,MT1X,GIMAP2,CDCA7L,EYA1,F2R
63,HLF,ZNF556,BUB1B,PCBP3,FAM13C,IRAK2,TBX15,PDPN,LRRC74A,TMEM154,HLA-DQB2,TFPI,GCHFR,TENM1,PTP4A3,COL5A3,VGF,CCDC68,SIGLEC15,AIF1,TMEM204,ATP2A3,TMC5,SLC52A1
64,LRRC4B,MYCL,KIF18B,MAN1C1,CHRDL1,PSTPIP2,UBE2Q2L,KANK3,ZNF697,NCF2,HLA-DQA2,ERG,TERT,PTK7,C16orf74,ADAMTS5,NRXN1,NOVA2,ENPP2,SLC1A3,SLC14A1,RASGRP2,GRHL2,PLEKHF1
65,ADGRD1,PIP5KL1,PPM1E,BATF,SLCO1A2,GBP5,CYP4X1,REEP1,TMPRSS13,MNDA,CYP2S1,PHLDB2,HTR3A,NLGN4X,ITM2C,ANO1,GRM7,JAG2,FRMD4B,OSBPL6,FXYD5,SYTL1,ITGB6,C11orf21
66,BMP5,LTK,KIF14,ADTRP,SOD3,IL1RAP,CYP4B1,DCHS2,PLXDC2,GLUL,KCNMB1,GALNT18,CCDC195,SH3RF2,DNAJB9,MXRA8,RIMS2,MALL,PSAP,KCNMB1,ITGB7,CD1C,MUC4,CXCR3
67,ADIRF,GRIN1,CXCR5,ABCD2,HMGCLL1,G0S2,SOX8,TLL2,FAM20A,VNN2,CD1C,DLGAP2,GUCA1A,NEIL3,VWC2L,CYP26B1,CNTN5,HSPA12B,NPL,TMEM176B,CRYBG2,KMO,PAX9,MLC1
68,HHIPL1,SLC4A3,CLSPN,CEACAM21,RGS7BP,BCL2A1,SLC5A8,RNF152,ARHGEF10L,FPR1,C10orf105,IL33,PDGFD,ETV1,GLDC,HTRA3,NTRK3,TINAGL1,CPM,SLC18A1,GPA33,CD19,POU2F3,RDM1
69,NCS1,KLHL33,CLDN14,C17orf97,FRZB,NINJ1,TOX3,EPHB4,TMEM51,TMEM71,EPHB3,CNTNAP3B,ANGPTL1,SLC27A2,KCNA2,RASL12,CPNE4,RNASE1,CST3,GNGT2,POLR3GL,STEAP1B,PLEKHS1,LEXM
70,FAM151A,SLITRK5,DPP4,CLIC5,TMEM47,SLC12A1,REM1,MMP17,ITGAM,LST1,FFAR4,DYNC1I1,RPLP1,TRIM9,PSAT1,CD248,ANKFN1,PCDH1,LGMN,SLC6A12,PRR7,C16orf74,FAM3D,ELOVL4
71,IFI27L2,RUNX2,HMSD,TNFRSF4,PRELP,SIRPB2,DACT2,ABO,TGFBI,PYGL,CKB,MRC1,DTX1,DCLRE1A,HTR4,TYR,IL26,INMT,MERTK,LST1,FBXL16,OSBPL10,KRT5,STAT4
72,GYG2,IRF8,COL4A6,GPR19,TMEM130,CLEC4A,FBP2,ABCA4,VASH1,ANXA3,UPK3A,RGS16,RPL41,IL10,JSRP1,PCDH18,ADCY1,KIF26A,RGS1,LIPM,KCNA3,CRIP3,SIX1,RUNX3
73,S100A16,CARD11,DUSP4,CYS1,SELENBP1,CORIN,DDX25,UNC5A,ARRDC4,P2RY13,VMO1,STAB1,RPS8,HKDC1,ZNF214,CCL26,MAOA,CFI,ABCA6,FCGR3A,ICAM3,FCRL2,FAM83B,ATP8B4
74,TSPAN8,COBLL1,PCNA,FSD1,FGF10,SPATC1,AARD,DMTN,VAMP8,TYROBP,PLPPR5,BTNL9,RPS2,CCR9,QPRT,HAS1,RIMS1,AIF1L,TNFRSF21,KMO,PI16,NT5E,CHST6,SYTL3
75,PPARGC1A,CD4,UGT2B7,HOXB2,RASL11A,APOBEC3A,PRODH2,SULT1C4,DPYS,SULT1B1,URAD,CCL20,RPL15,LCT,SMPDL3B,FN1,CD70,SDR16C5,HNMT,MT1H,UBASH3A,BCAS4,IRF6,SIDT1
76,ITIH3,PLXNA4,CEP55,CXCR3,OLFML3,PLSCR2,LGI4,ADAMTS15,CARD9,FCGR3A,ITIH1,ADGRL3,HMGB2,GCNT4,UBE2QL1,ADAM12,ADD2,SLC52A3,TMEM176B,ZNF385A,LDHB,GAPT,LCN2,ADAMTS17
77,FJX1,MPEG1,NCAPH,SLC52A1,MASP1,PLIN5,DMRTA1,SCN3B,HBEGF,BST1,HDAC9,PDK4,RPS24,TMEM213,KCNA3,FAM155A,ZPLD1,LDB2,CHI3L1,SASH1,SLC52A1,BACH2,MLPH,PSTPIP1
78,TLCD1,TSPAN13,KIAA0319,KCNA2,TMEM200C,CCR3,TMEM207,RET,MT1X,S100A4,CD74,ADRA1B,RPS15,SCN4A,TMEM238,BNC2,ZPBP,HSPG2,ME1,CXCL10,FCGBP,FCMR,LMO3,KLRB1
79,NPTXR,IRF7,TICRR,CD2,MYH4,SEMA6B,KRT2,CYP39A1,MYEOV,PADI2,HLA-DRB1,SYT15,RPLP0,PHACTR2,ISL2,PRRX1,TTLL6,ADAMTS9,ADAMDEC1,TIFAB,CD5,PTCHD1,COX6B2,SPON2
80,DNALI1,SLC7A5,ERICH6B,CD6,SLCO1C1,KCNH4,ATP4A,SFRP1,CDX1,AIF1,SLCO5A1,PLK2,RPL13A,ANTXR2,NXPE4,ANTXR1,TPPP,COL4A1,OTULINL,OTULINL,TESPA1,SCN3A,SFN,GPX7
81,CPSF4L,ADGRG5,CDCA5,DGKA,DMRT3,COL13A1,ADRA1D,REP15,PRSS36,RS1,CD83,NRN1,RPL14,SESN3,ELL2,COL6A2,LTA,PTPRB,PTCH2,ITGAL,SYDE2,LY9,TNS4,OASL
82,ATP1A4,AZIN2,MCOLN3,SGPP2,CRYAB,CFAP58,CSPG5,SEC14L4,GAL3ST4,CFP,SHTN1,PLA2G5,RPL37A,RHOH,NDUFAF6,COL6A1,MARCOL,ADAMTS6,ALDH1A1,TMEM150B,GCNT4,BLNK,GALNT5,PRR5
83,BEX5,RUFY4,IL23R,ZNF831,KCNJ8,CLEC4D,GJB3,MAGI1,NPL,ABHD12B,HLA-DQA1,PRKAA2,SERF2,CEMIP2,SEL1L3,PRICKLE2,MEIG1,SNTG2,DAB2,FCGR1A,TRAT1,TREML2,CXCL6,SKAP1
84,PLIN1,SCAMP5,GPR55,PEX5L,SLC51B,HPN,CDO1,FBXL7,TFEC,CFD,THRB,CASKIN2,RPL3,MGAT4A,DENND5B,TIMP1,TEX15,CYYR1,SLC7A8,EPB41L3,DGKA,AFF3,ESRP2,THEMIS
85,ADGRB2,SERPINF1,ZWINT,CD28,FAM205C,LRRC25,FAM183A,PPFIBP1,STEAP3,LILRA5,C1orf54,CDH7,RPL8,ITGAL,TPD52,ST6GALNAC5,C20orf204,RAMP3,ACP2,PSTPIP2,C11orf21,FCRL3,CEACAM6,PLPPR5
86,OSMR,TLR7,RPS21,CD7,CCDC160,IL1A,HAND2,RAPGEF5,SLC6A12,TREML2,GPR157,MUC3A,RPS4X,IKZF2,GNG7,PLOD2,KIF5A,SHROOM4,ACSM1,MYBPC3,ARL4C,TNFRSF13C,LYPD1,RNF125
87,ADAMTSL1,CYP46A1,TMPRSS6,LCK,CCDC102B,KRT23,FGL1,KALRN,SLC7A7,BTNL3,FSCN1,GRIK3,RPL32,PTPN22,PIP5K1B,ROR2,BHLHE22,PDE10A,SLC16A9,ADGRE1,ITK,KLHL14,S100A2,IL9R
88,EPHB2,ST14,RSPH1,CPA3,SYNPO2,MSRB1,C5orf38,SMAD1,CSF2RA,NLRP6,APBA1,GAD1,RPL30,FGFR1,CHODL,ADAMTS2,ONECUT2,NOSTRIN,PLTP,KYNU,PSMA1,,BICDL2,TMEM244
89,WWC1,GPR39,OR51I2,XKRX,DCLK1,XKR7,LSAMP,THSD4,SPRED1,TMIE,TTYH2,AOC3,RPL7,GPR183,SYTL1,COL12A1,ELAVL2,TEK,TCN2,TRPM2,GRAP2,,NECTIN4,NELL2
90,ABLIM3,ABHD15,GPR87,ZAP70,RNF150,LGALSL,DLG2,ZNF521,PFKFB4,FOLR3,GAS2L3,GJC2,RPS7,ATP2A3,WDR64,SYNDIG1,CES3,NUAK1,KLHDC8B,CFP,IL23A,,S100A14,ITGB7
91,HUNK,SLC9C2,ZBED2,FBXO43,GRIN2B,CDC42EP2,CACNA2D3,ITGA9,CISH,CRIP3,RASGRF1,CRACR2B,RPL10A,ARL4C,C3orf70,COL6A6,CLEC19A,EMP1,SLC47A1,CSF1R,SLC9A3R1,,PLPP2,UBASH3A
92,FGF2,MAP7D2,OXTR,RETREG1,DEPTOR,CD300LB,ALPK2,NRP2,PLTP,PRDM9,HLA-DOA,SNAI2,RPS29,DENND2D,GIPR,CCDC80,FCER1A,ADGRF5,ACSM5,C1orf162,TNFRSF25,,CD8B2,TXK
93,VSTM4,C17orf64,EME1,GPR171,THBS1,CAMK1G,NRG2,NXN,CKAP2L,CLC,GNAO1,ISLR2,RPL18,SGCD,FAM149A,LRP1,BEST3,IFI27,TNFSF15,ZMYND15,INPP4B,,ARHGEF16,CCR5
94,ADCY6,VIPR2,ANKLE1,DUSP4,PLD5,OSM,TMEM150C,ARHGAP29,ACE,XKR3,MELTF,SOX7,UBE2S,STK26,CTH,NNMT,DQX1,SNAP25,ATP6V1F,ADAP2,A2M,,STRA8,CRTAM
95,TRIM47,CCR2,INSC,LBH,CFH,ASPRV1,RARB,GRAPL,ADAMDEC1,SORL1,C1orf162,GIPC3,RPL36AL,BLM,SLC38A5,ARHGAP28,PITX1,HYAL2,PDE6G,PRAM1,ZNF831,,ARHGAP40,PPIAL4G
96,RHBDF1,ST6GALNAC4,ANKRD18B,MYO7A,C1R,DOCK4,LAMA3,LIMCH1,CTSB,MYO1F,MPP3,DNAJC5G,EEF1B2,FAM110B,TRPV3,AEBP1,MNX1,ADCY4,SYPL2,KCNJ10,S1PR1,,GRB7,ITGAL
97,TCEAL8,RNASE6,CPA4,KCNA3,PDGFRB,LIMK2,CLMP,KLHL3,CYP27A1,DYSF,APOL4,FGF23,RPL37,ARRDC5,CHPF,KIRREL1,EMX1,MCAM,SLC4A11,PIK3AP1,ACER1,,PRSS8,SLA2
98,TMPRSS11A,C4BPB,CHRM2,F5,RND3,LITAF,COL27A1,PDE1A,SLC47A1,ITGAX,ZMYND15,GADL1,RPL36,SPON1,CLIC5,CSMD2,BTG4,MMRN2,AURKC,ATP6AP1,CDK5R1,,FUT3,GIMAP2
99,TRO,SRPX,TEDC2,LEF1,IGFBP3,IL1R1,ERBB4,COLEC12,MYOF,JAML,AOC1,ZNF676,RPL34,SERP2,TUBA4B,PHLDB1,FHOD3,NEURL1B,CTSC,RNF144B,CD3G,,MSLN,IKZF2
100,HRNR,CDHR5,GABRG2,SH2D2A,FSTL1,HCK,NFASC,PIEZO2,ZMYND15,FGF13,SLC6A12,MAGEC3,HMGA1,RAB19,MZB1,EMILIN1,IGF2BP3,RAPGEF3,SPRED1,C1QA,PZP,,PROM2,IKZF3
101,DNAJB5,SH2D7,GRAMD1B,SERINC5,ZBTB16,TBXAS1,MYO16,HECW2,PLA2G7,HRH2,HCRTR2,CYP2A6,CKS2,MUC12,CLDN14,DAZL,PTPRN2,EXOC3L2,CD84,LPCAT2,PLPPR5,,ISL1,RGS3
102,DUSP8,P2RX2,EZH2,BFSP2,CCL2,RNF144B,DZIP1,FILIP1,FCRLB,SPI1,ERICH5,MYCN,RPL38,FAM9B,SEC11C,CFAP69,NLGN1,SOX18,CTNNA3,SIGLEC9,SIT1,,ASPG,TRAF3IP3
103,CDK20,P2RY1,MCOLN2,SIRPG,LURAP1L,MARCKS,ATRNL1,IGF1,ZNF385A,CLEC7A,CST3,RAI14,RPL21,ZFP57,CRACR2B,FAT1,KCNK13,FZD4,CYP27A1,C1QB,TOX,,IL20RA,TC2N
104,COX7A1,TCF4,PBX4,RFLNB,TNFRSF11B,LCP2,SCARA3,PTPN14,MT1G,C5AR1,ARHGAP22,MEIS2,MZT2B,IL23A,PDIA4,BOC,TNFRSF11A,VWA1,ADAP2,HLA-DMB,GATA3,,TUBAL3,PTPN22
105,CETN2,ERN1,STRIP2,BLM,CPE,PLEK,SMAD9,TSPAN9,IGFBP2,S100A11,ZNF385A,KLHL29,CD180,ASIC1,TMEM156,DIO2,BATF3,EDN1,GRN,PIK3R6,CCR7,,IL13RA2,ZBTB16
106,RAET1E,P2RY14,GRID2,MAL,FHL1,PIK3AP1,KCNB2,AKAP12,TFCP2L1,ADGRE3,OTULINL,CNTN4,CHCHD2,CD5,ST6GALNAC4,PRRX2,KIAA1549L,SLC9A3R2,CREG1,MMP8,TENM1,,OR52E5,SCML4
107,PIRT,RUBCNL,NPM1,RCAN2,DAAM2,NCF1,CCDC85A,DOCK6,ASGR2,RPS9,TCERG1L,PDLIM1,CCNB1,CD109,KLHL14,NID2,IL6,HTRA1,OSBPL6,OSCAR,IPCEF1,,DUOXA1,ZMAT4
108,ACTL8,GPM6B,SEMA7A,RASGRF2,MYL9,GBP1,KIAA1755,NID1,SLC30A4,SLC22A15,EHF,ZNF423,MRPL51,CD96,TUBA4A,FBLN2,FSTL5,RAMP2,CYSLTR2,CD163,CD226,,SPDEF,CD300A
109,WNT3A,NTM,LDHB,CCDC167,C6,CEBPB,MAOB,MMP16,KCNN4,CASS4,TLR10,PLXNA2,TP73,PPP1CA,ESR1,TWIST1,PPP4R4,CCM2L,DNASE2,SPI1,GJA3,,FRMD1,DENND2D
110,LGALS3BP,FAM81A,DNAJC6,BTLA,ADAMTSL2,GCA,ITGB4,CHRNA7,MRC1,CCNJL,CLEC4F,PCDH15,ADAM29,ASPM,TMEM45A,PDGFRA,KCNN2,NES,CKAP2L,FGL2,SUSD3,,ANXA8,IL18RAP
111,IL17REL,CXorf21,KCNN4,CXCR6,PTGER3,PILRA,CSTA,MAP1B,SIGLEC15,TSPAN16,ASB2,FOXP2,CENPM,NR4A3,SSR4,ABCC9,EXO1,MOV10L1,AXL,TMEM144,PPP1CA,,IGSF9,TTLL10
112,ALS2CL,TMEM170B,KIF18A,IKZF3,NOTCH3,STX3,RAMP1,IQCA1,SLC37A2,DPEP2,FGD2,PLSCR4,RPS28,CNR2,WNT10A,NFATC4,RBM20,SPRY4,ATP6AP1,TDRD6,SPOCK2,,DLX6,JAKMIP1
113,TGFB1I1,MTCL1,DTL,PRKCQ,AMOTL2,LPCAT2,SLC30A8,ACKR3,DMXL2,NSUN7,CLEC10A,JUN,SMDT1,MYO7B,FA2H,FAM216B,IGSF1,ATG9B,IGSF10,LYZ,AQP3,,SLC2A4,XCL2
114,SYDE2,DCK,DEPDC1B,SPC24,TBX18,PTAFR,SYNM,ELN,CACNA1G,ABCC6,NPFFR1,LTBP2,COX7C,GATA3,SLC16A14,PYGO1,NTRK2,CH25H,TRPV4,PILRA,SYTL1,,CRYBA4,SBK1
115,AOC3,CRYM,TNF,POU3F1,GAS1,CD274,TRHDE,TNXB,ATP6V0D2,PRAM1,ICOSLG,WHRN,UQCRB,ANKRD18A,CEP128,MEIS3,DNAJC5B,GATA2,ZNF385A,TYROBP,SKAP1,,CEACAM7,ST8SIA6
116,TBX5,SH3BP4,ZBTB32,FXYD5,LONRF2,CXCR4,NDRG4,JCAD,SEMA3C,RGS18,MYCL,MID2,RASAL1,RAB33A,SCAMP5,MEDAG,NPNT,NPR1,TFCP2L1,HK3,SIDT1,,MS4A2,ABCD2
117,CGNL1,BEND6,KIF23,TRAF3IP3,SLC25A48,NFAM1,TMEM119,MEGF6,CYP2S1,S100Z,TIFAB,CD9,UQCR10,GPA33,TNFRSF17,LZTS1,HS3ST5,FAM124B,SMIM30,C10orf105,RFLNB,,IQCF3,NCALD
118,TCIM,AR,CHEK1,TMEM156,SPIC,SIGLEC10,ANO5,FAM189A2,ITGAX,BEST1,FZD2,ART4,TAS1R1,SKA3,SLC7A5,ST6GAL2,TPTE,ACE,IGFBP2,CMKLR1,CD2,,NEBL,SLC14A1
119,PCDH11X,RIMS3,E2F7,GIMAP5,EPHB6,FGR,CELF4,BCAR1,EPOP,TSPAN2,GRIK4,SPOCK3,COX6B1,GPRIN3,PLEKHN1,GPX8,CFAP46,STC2,EPOP,PFKFB4,ZAP70,,NRG3,INPP4B
120,CADM3,BAHCC1,C19orf48,ITGAL,NBL1,PLAUR,HPGD,DOC2B,OSM,SH3BGRL3,ZNF462,SLC44A5,SNRNP25,OPRM1,ATP2A3,TBX5,CHRNA6,PI16,GCKR,FCRL6,CNKSR2,,SNCAIP,TMC8
121,RBPJL,LCNL1,MCM10,TRPV3,ATOH8,IGSF6,IGSF9B,PTCHD4,SLC22A15,SMIM35,TNNI2,PLA1A,RPL22L1,TMEM156,HOOK1,SPOCD1,SLC26A9,ANGPTL8,RASSF4,,VWDE,,EYA2,TMPRSS3
122,YAP1,CIB2,IZUMO4,,C11orf96,EFHD2,RSPO3,ALPK3,CTTNBP2,SIGLEC9,ST18,CSF1,CDC20,RIMS3,CITED2,GPRC5A,PEG10,CAPN11,SMPDL3A,,C5orf58,,LINGO2,TSPAN32
123,PTRHD1,WNT10A,RAD54L,,ASPA,IFIT2,KIF25,KANK2,HS3ST2,ARG1,MGLL,GPRC5B,TRMT112,SPC24,KANK1,TREH,GTSF1,SNAI1,RAB37,,THEMIS,,EFEMP1,CD69
124,KIRREL1,PROC,CDS1,,SHOX2,ALOX5AP,STRA6,ARAP3,P2RY1,CDKN2D,VASH1,TGFA,CD5L,WDR62,BLNK,ACTG2,PLPP4,SYT7,ATRNL1,,DOK6,,EYA4,CATSPERB
125,SSC5D,GRB14,PMAIP1,,TYRO3,IFIT3,IGDCC4,FABP5,KIFC3,AATK,DNASE1L3,SGSM1,UBE2C,SIDT1,NUGGC,APELA,SPINK13,NRARP,NR1H3,,P2RY10,,GULP1,DUSP2
126,MS4A2,AHNAK2,CENPX,,KRT18,CASP1,PKDCC,HOXD3,UPP1,MGAM2,HLA-DOB,CORO2B,SHISA8,CD3E,FBXL16,SDK1,TBX20,PTPRG,NT5DC4,,ATP10A,,PKHD1L1,GIMAP6
127,ADAMDEC1,TNNI2,UBE2T,,NKD2,TBC1D30,SEC14L5,LRCH2,TSKU,NLRP3,FCGBP,BMX,ANAPC15,NCAPH,TP73,CYP7B1,KRT86,EPAS1,MMP2,,BEX2,,FGFR2,FRMPD3
128,TMEM176B,EPHA2,FLG,,ZNF703,B3GNT5,RGMA,LAYN,SIGLEC7,HAL,DPP4,GALNT15,SF3B5,GIMAP5,MANF,CACNA1C,CACNG8,APBB2,SPSB4,,RASGRF2,,SLC4A4,GPRIN3
129,PKNOX2,P2RY6,SYDE2,,SYDE1,CD14,FAM3B,PGF,SLC4A1,COX7B,ICAM5,CLCN4,ALYREF,LAYN,C17orf97,CDH11,CYP19A1,COL4A2,SASH1,,SHISAL2A,,TGFB2,GIMAP4
130,NECTIN3,TRPM2,FOSL1,,FOXF1,CD300A,TFAP2C,PDE2A,HNMT,KCNE3,KIT,HIF3A,SIT1,DTL,RALGPS2,MEIS1,PLA2G12B,NRP1,SIRPD,,CEACAM21,,CA8,LY9
131,AADAT,TNFRSF21,CDC25A,,NPY5R,APOBR,GJA4,FAM171B,PTGER2,HCST,GCSAM,SEC16B,GLRA3,PARP15,MYEOV,YAP1,GABRR3,TMTC1,VAMP8,,FGF9,,BMPR1B,TBC1D10C
132,SELENOM,OTULINL,C4orf46,,PHF24,SOD2,SOX9,KBTBD11,EIF3G,ZDHHC19,LIMCH1,ARL4A,HMGB3,KCNK1,P3H3,SLIT2,MUCL3,DLC1,HLA-DMB,,CD3D,,RASEF,TTC22
133,VEGFA,CCR3,SKA1,,PABPC5,HSPA6,VSIG10L2,WFS1,GADD45G,SLCO4C1,MYO7B,TMEFF2,CAMK2B,UBE2T,COL9A3,NHS,CDH19,RAPGEF4,APBA1,,CD7,,MYH14,SLAMF6
134,PLPPR4,ITM2C,DMRT1,,P2RX6,CARD16,GATA4,RBP1,CMKLR1,FAM169B,TXN,MFAP3L,CDT1,F2R,FCRLB,RUNX1T1,IGLON5,SASH1,SIGLEC7,,PRR5,,SLC7A2,GRAP2
135,KPNA7,GPR183,LHX2,,SCN4B,CNGB1,TUBB2B,LRCOL1,LRP1,CXCL16,ASIC1,CADM3,UCHL1,CAV1,SLC6A13,SLC24A3,RRM2,RASGRF2,KCNMA1,,DUSP2,,EHF,GZMM
136,ZNF462,GRAMD1B,UGT3A1,,GSTM5,SCN1B,TMEM37,SPSB4,CASQ1,FRAT1,ADGRG6,OLFM1,RPS17,KCNN4,NTNG1,SLC39A14,LIPF,PRSS23,MITF,,IKZF2,,SLC28A3,CD226
137,CD24,SNCA,DISP3,,CALD1,QPCT,GGTLC2,EFNA1,HRH1,PHOSPHO1,CLEC12B,EPHA2,BTNL2,COL19A1,SEC61G,GLI3,NYAP1,GRB10,TRPM2,,TUBA4A,,WNK2,C4orf50
138,PAPSS2,GNG7,EXO1,,SEMA5A,PLIN4,FOLH1,LOX,ICAM5,TOMM22,NAGA,SRCIN1,PTCHD1,IKZF3,CADPS2,SPARC,XKR4,PCSK5,CHIT1,,CORO1A,,KLF5,CEACAM21
139,MICALL2,NRP1,PAQR6,,IGFBP7,MYBPC3,CRIP1,DKK3,,TMEM72,IL22RA2,SHC2,ROMO1,ITM2A,MTCL1,PARVA,TENM3,HRH1,LILRB4,,PRKCH,,HS3ST2,KIT
140,TYRO3,IGSF10,PLG,,TNC,HHLA2,OVCH2,ZNF343,,KCNK7,CLCN4,WSCD1,POP7,CORO1A,,HMCN1,STEAP1B,FAT4,CARD9,,TMEM238,,MYBPC1,LCK
141,CRB2,GABRR3,TRIAP1,,NCKAP5,PNPLA1,TMEM158,RAB3IL1,,TMEM200B,P2RY14,FZD8,CFAP73,S100A4,,LGR4,PLA2G4A,SORBS2,ARSJ,,BCL11B,,LYPD6B,PLCH2
142,ARRDC4,TGFBI,NTRK2,,TANC1,CMTM2,CALHM5,BCHE,,PPP1R14D,SNX22,MYO7A,PTRHD1,TBC1D10C,,CRISPLD2,AHR,FGD5,SLC31A2,,SPON1,,TTC6,CARD11
143,EPHB6,TIFAB,DCTPP1,,CXCL9,CIB3,TMSB15A,CORO6,,NDNF,CXCL16,SLC19A3,SAPCD2,KCNA3,,MRC2,ERC2,JAM2,LRRTM3,,ANK3,,AKR1C1,TMIGD2
144,ADCY5,KCNK1,PPP1R14B,,PID1,LRFN1,S100A1,RNF112,,LAGE3,MCOLN2,SNCG,NACA2,RBM20,,MICALL2,AGMO,SPC25,SLC1A3,,LCK,,LIPH,CARNS1
145,CDC42EP1,KCNH8,PRC1,,ITGA1,FNDC3B,DIRAS3,RASGRP3,,SLC22A16,APOBR,SEMA6C,SAMD7,CORO6,,MT2A,MYO3B,CPXM2,FYB1,,PDE3B,,LGR5,C5orf58
146,HMGCLL1,MCOLN2,FAM111B,,NR2F2,LYN,LBHD2,PGM5,,BASP1,IL23R,SV2A,EFCAB1,RAC2,,VEGFA,CCR7,ARHGEF28,PDGFC,,NLRC3,,PPP2R2C,EPHA4
147,KEL,PALD1,FBXO43,,FSIP1,SRGN,ENOX1,WWTR1,,MEGF9,KCNN1,GPR146,EIF5AL1,C16orf54,,SFRP4,PTGIR,SAMD5,MEP1A,,SULT2B1,,GABRP,RNF157
148,DLX5,C12orf75,COMTD1,,MYLK,PIK3R5,TMEM178B,BACE2,,CPPED1,HLA-DMB,C1orf115,BACH2,KNL1,,PPFIA2,ARHGAP6,CLEC1A,SUCNR1,,LTB,,KLHDC7B,FXYD5
149,PGF,BSPRY,ACRV1,,CYP1B1,PPCDC,CR1,ST6GALNAC3,,SLC12A6,CLEC1B,FAM107A,ZNF804A,CENPE,,HAS2,TXN,PODXL,RNASE1,,DENND2D,,C2CD4B,
150,OLFM1,P2RX1,RPL37,,EGR1,IRAK3,PLCB4,PALD1,,BCL6,QPCT,CRHBP,PTMA,ANXA2R,,ABCA9,SPOCK1,CD93,IL2RA,,NAP1L2,,FAM83E,
151,PHF24,HERPUD1,WDR62,,DENND2A,NBN,VCAM1,STK32B,,DUSP1,CLEC12A,SALL4,KANK1,IL32,,KCND3,AMPH,MCF2L,ACP5,,PRKCQ,,CBLC,
152,JUN,CDCA7L,CD274,,KEL,SNX10,STPG2,GNG12,,CYTH4,PDE1C,ZIM2,BCL7A,TCF7,,ZFHX4,CPA6,ELOVL7,HBEGF,,,,COL7A1,
153,GLI3,ICOSLG,KCNN1,,PLCXD3,RILPL2,RBMS3,CTDSPL,,FOS,PPM1H,TRAPPC3L,LTB,QPRT,,F3,TRPC6,DKK2,CD300LF,,,,SPATA18,
154,PDE1C,SMIM3,KIF2C,,ACSS3,SLA,TENM4,ABLIM2,,MBOAT7,SLC4A3,FAM72B,TOP2A,GIMAP2,,ITGB5,VASH2,CAVIN1,SMIM3,,,,FAM83F,
155,ANK2,CDK5R1,CDCA2,,SERPING1,SLC45A4,PTPRT,ARHGAP23,,ARRB2,MPEG1,HTR1E,RPS19,NDC80,,FBLIM1,GUCY1A2,TNS2,SHISA8,,,,ALDH1L1,
156,CELF4,DPP4,SKA3,,PDLIM3,MT-ND4,GNA14,RGS3,,GMFG,,ST6GALNAC1,GAPDH,GZMA,,TPM2,TMEM273,ID3,QPRT,,,,PIP,
157,PRRX2,HRNR,IL4I1,,CDH18,SIRPA,MYO1B,TRMT9B,,REPS2,,MDH1B,RPL11,GIMAP4,,TMEM45A,TMEM217,SHE,CD33,,,,SIX4,
158,TNFSF15,MYBL2,ABCD2,,IL34,SCARF1,SLCO2B1,RNF165,,PLBD1,,INKA1,GPM6A,TTK,,ASAP3,PHKA1,DOK5,SLAMF8,,,,ANKRD18A,
159,CSRNP3,EPHB1,FAM83D,,FAM189A1,TAGAP,PLA2R1,TSPAN15,,DNAH17,,MMEL1,GALNT14,PMAIP1,,FKBP10,MPPED2,ADGRG6,IGSF6,,,,GPC1,
160,SLITRK2,VWA2,ESPL1,,FOSB,MT-CO3,ESR1,RGS17,,CEBPD,,FIBIN,EEF1A1,RCAN3,,EDNRA,SCN3A,ST8SIA6,VNN1,,,,LRFN2,
161,HPGD,,RPS6,,ERRFI1,KIFC3,PIWIL4,WASF3,,ADAM8,,SMIM10,CENPF,LPAR5,,ADAMTS4,MYBPC2,SOX13,HRH1,,,,PTPRU,
162,GPR176,,RPL12,,ADCY5,LIPC,WLS,CPAMD8,,SLC26A8,,TUSC1,HMGN2,WNT3A,,CTSK,CES4A,TEAD4,SLC7A7,,,,MRAP2,
163,LAMB2,,E2F1,,FHL2,MT-ND1,PAPLN,PLAT,,RAB3D,,NAP1L2,RPL10,RFX8,,HEPH,COLGALT2,TPD52L1,RUFY4,,,,SPINK5,
164,NRCAM,,DNAH8,,EDNRB,GRINA,ADGRL2,FAM43A,,PLB1,,C2orf73,RPL13,SLC14A1,,EBF2,PEX5L,CSRP2,ATP8B4,,,,SP6,
165,CXCL14,,IL6,,SELENOM,GPR65,DDR2,GRAP,,EVI2B,,CA4,PLEKHA7,BTBD11,,FREM1,CDC45,SNCA,FCER1G,,,,B3GALT5,
166,SUSD5,,NUDT8,,PCDH11Y,NOD2,EPB41L3,HOXA3,,PSME1,,PSG7,MKI67,GTSE1,,SMIM3,VSTM2L,CRIP2,NOS1AP,,,,FGFR3,
167,NYNRIN,,FGF2,,HSPB8,PPP1R3B,SLC30A4,KCTD8,,PFKFB4,,PRSS35,PRDX1,CD84,,CERCAM,KCNN1,FAM124A,KEL,,,,BPIFB1,
168,STK32B,,ATP5MC1,,CSRNP3,DHRS13,EFNB2,N4BP3,,C5orf58,,PTPRM,RPL6,TRPV3,,TPBG,ZDHHC11,TSPAN12,PLAU,,,,HEY2,
169,EN1,,CPNE7,,GP1BA,ARL11,ARHGAP22,LOXHD1,,ISG15,,LAMC1,SEC11C,GPR19,,MN1,TRIP13,NPDC1,PRDX1,,,,KRT7,
170,CACNA2D3,,TTK,,TMEM176A,CHIT1,KIRREL3,CMBL,,HPSE,,PDE7B,KLHL14,P2RY10,,TBX3,SCN2A,LDLRAD2,SLCO2B1,,,,CCNO,
171,RARRES2,,CDC6,,LGALS3BP,C15orf39,MAP1LC3A,PHF24,,ICAM3,,TJP1,PFN1,BACH2,,CFAP300,KNDC1,FBLN5,TGFA,,,,CHMP4C,
172,FOXO6,,RBM20,,ADGRA2,NSG2,LAMC2,S100A16,,PPEF1,,DOK6,DNAH8,SBK1,,TNFRSF12A,GADD45G,S1PR1,PTGDS,,,,LCN12,
173,SCD5,,BTG4,,DLL4,TMPRSS12,GRIA3,PDE7B,,PYCARD,,PDGFC,TPX2,GPR174,,HOXC4,RAB6B,EHD2,GPC4,,,,PKP1,
174,ZNF454,,EBF1,,ENC1,CLN3,CR1L,APBA1,,CALM2,,SGCZ,CFL1,GAL3ST4,,CPXM1,TROAP,CX3CL1,RNASE6,,,,SLC5A1,
175,PRSS36,,CENPF,,IRS1,NANOS3,TRABD2A,SHROOM2,,HSD17B13,,LRIG3,TPT1,GIMAP6,,DACT1,TRPC3,CA2,POU6F2,,,,B3GNT3,
176,EGFR,,ATF5,,SUSD5,REM2,CERKL,RAI14,,RABGEF1,,KCNQ3,RPL4,CLSPN,,CAMK2A,CDC20B,MMP28,CACNA1G,,,,FST,
177,PTPN21,,CDCA8,,GJC1,NHLH1,TNFRSF9,GABRE,,SLC15A5,,TMEM132B,GPS2,HCST,,TMEM98,ARMC3,SLC16A14,MMP15,,,,TMEM100,
178,HAS2,,MRPL11,,GLYATL2,LIPF,TDRP,LYPD6,,GPRIN1,,KCTD12,ATP5MG,,,SPRED3,RORC,CRISPLD1,CD74,,,,RHOV,
179,CD276,,ANLN,,LAMB2,FCGR2B,MOXD1,DLGAP2,,NPM2,,CAV1,SRP14,,,MT1E,LGI1,RFLNB,PDK4,,,,TACSTD2,
180,PPP2R2C,,DUSP2,,KPNA7,FCER1G,MYO5B,OSBPL6,,CNPY1,,TP53I11,RAN,,,AADAT,OLAH,CPLX1,AIF1,,,,KRT20,
181,MMP23B,,CCR7,,ASTN1,CRISPLD2,ATP10B,GALNT18,,NFE2,,NTNG1,UBB,,,TBX2,PAQR6,BCAM,CAPG,,,,HAUS7,
182,GJC1,,CD70,,SAMD11,MT-ND2,CDH2,EPHX4,,FTH1,,ARFGEF3,COX4I1,,,FZD1,NPHS2,ASS1,HLA-DRA,,,,CREG2,
183,COLCA2,,MCM2,,ASXL3,ISG15,RARRES2,OLFML2A,,AOC1,,TMEM200A,BUB1,,,CNN1,NUDT8,APCDD1,CD14,,,,C9orf50,
184,PRRX1,,PRICKLE2,,GPX3,TNNI2,RASGEF1A,CGNL1,,VSTM1,,ARSJ,ORC6,,,TSKU,ZDHHC11B,CAVIN3,HLA-DOA,,,,FGF20,
185,TPBG,,TROAP,,CRB2,CXCL8,KIF6,TM4SF18,,GCA,,CNTNAP3,RPS14,,,KCNK3,NPM3,ATAD3C,CFD,,,,FGF9,
186,CFAP221,,SYN2,,GDF7,FCAR,NELL1,BHMT2,,LYN,,NUPR1,SUSD3,,,GLIS3,RNF208,ANKRD65,GADD45G,,,,RGPD6,
187,CTSK,,ARHGEF28,,CXCL11,ADAM8,ADAMTS14,SASH1,,LRRC25,,PRSS48,CDCA7,,,FBN1,USP2,MGAT5B,HLA-DRB1,,,,ABCF2.1,
188,CHRNA7,,SAPCD2,,TMEM255A,NCF2,DSC2,SHE,,SLC45A4,,TDRD10,RABAC1,,,UACA,RBPJL,LRRC32,FGL2,,,,ACR,
189,PARVA,,ESCO2,,MOCS1,LILRA2,TCIM,PALM,,CCL3L1,,SLC48A1,SELENOK,,,LAMA2,ADM5,ELFN1,MMP14,,,,TEX43,
190,PLXDC1,,RCAN2,,PLAC9,SLC12A6,ALS2CL,GPR146,,CCR1,,CTTNBP2,APOO,,,DCBLD2,RAB33A,KCNK9,KCTD12,,,,MS4A8,
191,GP1BA,,LGALS1,,MYOZ2,BCL6,VANGL2,ZMAT4,,HRH4,,GPSM1,MYBL2,,,GXYLT2,EPHA7,ASB9,CCL18,,,,C7orf25,
192,ADORA1,,CASR,,NDN,NAMPT,PRTG,DENND2A,,RHOB,,SYN2,CDK1,,,ARMC9,C19orf81,MMP15,ATP1A4,,,,MUC1,
193,LIPG,,CENPE,,FEZ1,TMEM71,FGF11,ARHGAP6,,FCER1G,,BHMT2,DLGAP5,,,MSRB3,PPP1R14A,HOXD8,PLEK,,,,SELENOV,
194,SMARCA1,,HECW1,,IAPP,MXD1,GABRB3,PLSCR4,,SRGN,,DCHS1,MARCKSL1,,,CHL1,REELD1,PON3,CDS1,,,,TRPV6,
195,MOCS1,,CDCA7,,FZD7,BEST1,LIPG,EXOC3L1,,LAPTM5,,SLC45A3,SDF2L1,,,SLC12A8,GJB2,AQP7,HLA-DRB5,,,,APOB,
196,TPM2,,KCNA3,,TGFB1I1,PADI2,RPS6KL1,DCHS1,,CDC42EP2,,CSPG4,KIF2C,,,BMP1,PLG,PLPPR4,CRHBP,,,,CPN2,
197,TENM3,,TRIM9,,PURG,GPR84,PTGFR,NOVA2,,NDUFAF3,,RAP1GAP,TUBA4A,,,GPR173,PITX3,EPHX4,IL4I1,,,,NRXN3,
198,DPT,,AKR1C2,,GLP2R,SGPP2,CDC42EP5,FEZ1,,RFLNB,,ZNF454,EIF5A,,,ALDH1A3,FAM71F1,PKP4,DMXL2,,,,CACNA2D1,
199,RNF150,,DNAJB5,,FOXO6,ANPEP,TNFRSF19,ADGRF5,,ADM,,TTC29,SHCBP1,,,SMARCA1,THEG,INSR,CD163,,,,UNC5C,
200,EPHX4,,LTA,,CDKN1C,TMEM154,PRDM6,TMEM74B,,DOCK5,,SMIM17,TMA7,,,HECW1,LIPJ,HEG1,CASQ1,,,,EGFR,
201,ST6GALNAC5,,ASPM,,CELSR2,ANKRD22,WDR87,GLRB,,TRPM6,,BRSK2,KCNK12,,,LGALS1,NCALD,CADPS2,MYO5B,,,,ITGB8,
202,FLRT3,,OSBPL6,,CHRD,ADGRE2,MAL2,FLRT3,,MYBPC3,,EFNB1,BTF3,,,RFX8,CEP78,ETS2,GAS2L3,,,,MARK1,
203,FDCSP,,RPL22L1,,C9orf92,LILRB3,AP3B2,SMARCA1,,RAB37,,SEZ6L2,ESCO2,,,DZIP1L,CSMD1,CACHD1,RAB3IL1,,,,EPS8,
204,GABRE,,SPC24,,TRNP1,NLRP3,GLIS2,TDRD10,,KCNJ15,,GLRB,CDCA2,,,LRFN5,C12orf75,ADAMTSL3,SLC2A5,,,,NTN1,
205,PYGO1,,DEPDC1,,NFIB,FCGR2A,MDK,SLC45A3,,NHSL2,,C16orf78,CDCA7L,,,ANGPT1,PAK3,JAG1,ARL4C,,,,CCDC3,
206,CHST4,,PKMYT1,,ANK2,OSCAR,VRTN,THSD1,,DHRS13,,TMEM74B,CDCA8,,,SYTL4,IL4I1,IGFBP4,SPIC,,,,ADARB2,
207,KRT8,,MT-ND2,,TEAD1,REPS2,COLCA2,CEMIP,,SLC25A37,,BCO1,MAMDC2,,,SYN1,ATF5,DAB2IP,P2RY13,,,,MET,
208,CAP2,,RPL4,,COLQ,OLR1,CFAP221,ENPP6,,RNASE6,,ZNF732,SLC25A5,,,PLEKHA6,MT-ND2,NHSL2,TMEM176A,,,,CDH13,
209,SYDE1,,BATF,,FERMT2,GCH1,PTGES,PDGFC,,PMAIP1,,LIF,ATP5F1E,,,CD276,MSR1,SYNPO,CD1B,,,,ADAM23,
210,DACT2,,MYBL2,,DEPP1,CCM2L,PTN,TFPI,,PPP1R3B,,TSPAN6,AURKB,,,SSC5D,PTPN20,NRCAM,HTRA4,,,,PTGS2,
211,ADGRA2,,GPRIN1,,MPDZ,UPP1,ABCA8,SHC2,,PLAUR,,SLC16A11,EHD3,,,CLEC11A,SYT17,EML1,,,,,SORBS1,
212,TMIE,,BATF3,,COL18A1,CYTH4,EFS,CALCRL,,VNN1,,ARL6IP1,PBK,,,MMP23B,DCDC1,CD109,,,,,ENAH,
213,ARSJ,,SNRPB,,ZNF462,SPI1,SH3GL3,GNG11,,CIB1,,TRIM54,RANBP1,,,GLIS1,GRIK4,GIPC2,,,,,TGM2,
214,IGFBP7,,TXN,,RCAN2,SIGLEC9,COLEC10,PTPN21,,LYPD8,,GOLGA8K,KIFC1,,,METTL24,WNT5A,ADAM15,,,,,NTN4,
215,LGR5,,PPP4R4,,PDE1C,STEAP4,FAM222A,CNTNAP3B,,CLEC12A,,GBX1,PCBP1,,,COPZ2,SEZ6L,PMP22,,,,,EPHA4,
216,SYPL2,,MAGEA4,,GUCY1B1,CASS4,CASQ1,TP53I11,,HTR7,,GUCY1B1,PPP1CA,,,P3H3,VAT1L,UPP1,,,,,CDH3,
217,PPDPF,,PRR7,,PROS1,ARRB2,TTBK1,KRTAP10-4,,HSPA6,,RAET1E,DUSP2,,,IL1RL2,BBOX1,ACVRL1,,,,,CATSPERB,
218,ANKRD29,,VASH2,,CAP2,FYB1,TNNT3,ANGPTL8,,ARL11,,SYBU,CALM3,,,EGFL6,UNC13C,PKN3,,,,,SCD5,
219,ROBO1,,RRM2,,THBD,C10orf105,MFAP5,NRXN3,,FYB1,,TMOD1,AURKA,,,ADORA1,WDR17,SHROOM2,,,,,RDH10,
220,FGFR2,,TMEM238,,CD24,P2RY13,PNMA3,NFIB,,ELOB,,SLC25A27,CCDC167,,,KCNK2,FBL,THSD1,,,,,MGST1,
221,LAMA3,,PLK4,,SERPINH1,TYROBP,DDX4,POF1B,,OSM,,SEMA3D,ATP5MC3,,,STUM,DCDC2,PDGFB,,,,,FRK,
222,FAM20A,,MCM4,,FBLN7,SORL1,B4GALNT1,ZFPM2,,LRRK2,,VSTM4,NDUFS5,,,MTMR11,MARVELD2,RHOB,,,,,PLEKHG7,
223,CDC42EP5,,C12orf42,,HMCN2,P2RY14,CATIP,DYNC1I1,,RNF24,,TRIM47,CHCHD10,,,ZNF469,MTRNR2L8,ADAMTS18,,,,,ENPP6,
224,CDX1,,GFER,,RAI2,SMPDL3B,APLP1,MRC1,,APOBEC3A,,DOC2B,BMP7,,,GNB3,CISH,CCDC85B,,,,,DSP,
225,VCAM1,,HOPX,,PLXDC1,ACSL1,CLDN7,ISLR2,,MSRB1,,CRISP3,ELOB,,,XPNPEP2,RECQL4,RP1,,,,,ZBTB7C,
226,FGF11,,ELOVL7,,PTPN21,GGT5,DEFB124,MOV10L1,,CD300A,,HOXD9,CITED2,,,PTPN21,STK32A,CD59,,,,,BAIAP2L1,
227,CHL1,,ADARB2,,NDRG2,CISH,BTC,GLIS3,,CNTNAP3,,COL12A1,KBTBD8,,,ERRFI1,C4orf50,KCTD15,,,,,ITGA2,
228,FHL1,,JAKMIP1,,C1orf198,TREM1,KIRREL2,ABLIM3,,INSC,,HOXD3,BIRC5,,,SNAI2,RRS1,OLFML2A,,,,,B4GALNT3,
229,PTGES,,WDR17,,SLC25A27,ARAP3,PLP1,SCN3A,,TMEM170B,,ZBTB16,ASF1B,,,CREB3L1,TUBB2A,KIT,,,,,COL22A1,
230,CACNA2D1,,NRXN3,,KRT8,PRAM1,CSF3,C4BPB,,EFHD2,,GNG12,NDUFB10,,,FAM110B,PRMT8,VAT1,,,,,PLS1,
231,RPS6KL1,,PBK,,ITGA7,FCGR3A,RAG2,GPR182,,VAMP8,,ELAVL4,NDUFB11,,,TEAD1,CELSR3,CHST4,,,,,KITLG,
232,LGI1,,RAN,,GPC4,ADGRG3,LHFPL1,KCNQ3,,ADGRE2,,GLIS3,ATP5ME,,,MPDZ,SLC6A13,RND1,,,,,PRLR,
233,CSRP2,,HRNR,,NLGN2,PHOSPHO1,FLRT3,TAL1,,KCTD15,,SETSIP,RPL12,,,CSF3,ICAM5,CDR2L,,,,,CHST9,
234,DEPP1,,GRIK4,,CDC42EP1,FPR1,CILP2,TNFRSF11A,,FCN1,,HEYL,TMPRSS15,,,EFEMP2,HRH4,MYOM3,,,,,CLDN1,
235,TMEM176A,,RANBP1,,LBP,HPSE,CACNA1G,PURG,,CR1,,TINAGL1,CCNA2,,,PLPP4,TRPC7,TLR3,,,,,LAMB3,
236,NLGN2,,NPM3,,EFEMP2,DNAH17,C8orf74,JAG1,,C4orf3,,C4BPB,TMEM160,,,NLGN2,HHLA2,CABP1,,,,,AFAP1L2,
237,CLEC11A,,SCN2A,,RGN,MT-CO2,ROBO1,SP6,,GPR84,,CLEC1A,DEPDC1,,,MPP3,KCND2,CDH24,,,,,CLIC6,
238,COL22A1,,MAMDC2,,GSTM3,DUSP1,RBPMS,FGD5,,ITGAM,,POF1B,HLA-DOB,,,NOTCH3,VWDE,VAX2,,,,,RADIL,
239,KCNE4,,MPPED2,,ADH6,KY,KIAA1217,NPR1,,ATP8B4,,ENPP6,E2F8,,,SUGCT,KIF14,PTPN5,,,,,CGNL1,
240,INSRR,,CDC45,,MROH2B,PDE2A,CHN1,HPSE,,ST6GALNAC3,,CPLX1,OST4,,,AXL,RCAN2,A2M,,,,,TRABD2B,
241,TJP1,,ARHGEF39,,ARHGEF25,BATF,TCF7L1,TJP1,,SLC12A1,,PTPN5,PPP1R14B,,,DPYSL3,WDR62,IGFBP2,,,,,TMEM45B,
242,KIRREL2,,ONECUT2,,RBPMS2,MBOAT7,GNAL,CATSPERB,,FGR,,STOX2,NUDT1,,,NRCAM,CCDC85B,CARD10,,,,,SMPDL3A,
243,GFRA1,,MKI67,,HHIPL1,DSC2,NAV3,ARL4A,,LITAF,,GRB10,CDCA3,,,CALD1,ELOVL4,HBEGF,,,,,POF1B,
244,TBX3,,RPSA,,CADM3,ANXA3,ADAM22,NECTIN3,,ASPRV1,,KCNJ12,CUTA,,,PTGFR,GATA3,LRRC74A,,,,,EPS8L1,
245,PNPLA3,,LIPF,,GGT5,ZDHHC19,AGBL4,C6orf141,,FTL,,REELD1,SCAND1,,,HEYL,TICRR,ARAP3,,,,,DSG2,
246,TBX15,,VGF,,ABCC9,RGS18,SSPN,CDC42EP5,,CAPN13,,YAP1,NDUFA1,,,CALHM5,GPR55,EPHB4,,,,,ENPP3,
247,ATP4A,,SCN3A,,BMP5,PLB1,MATN2,MPDZ,,TCEAL8,,FZD4,MCM2,,,HECW2,C19orf48,DCHS1,,,,,SCNN1B,
248,FERMT2,,CKS1B,,ARSJ,ISL2,SOBP,ROBO4,,NRARP,,GP1BA,ACRV1,,,SCARA5,MELK,MSRB3,,,,,PERP,
249,GEM,,GTSE1,,SYDE2,ADGRE3,SUGCT,LDB2,,CA2,,TMPRSS11A,TIMM13,,,SALL4,PTPRG,MAP1B,,,,,BAMBI,
250,PDE10A,,GCSAM,,CDO1,FOS,PAPSS2,MDFI,,CIB3,,FAM43A,EMC6,,,SERPINH1,GPC5,SPARC,,,,,JPH1,
251,CHRM2,,RPS17,,VSTM4,GADL1,MMD,IGFBP4,,PTGS2,,TNXB,E2F1,,,TGFB1I1,SEZ6L2,ABLIM2,,,,,PALM,
252,VANGL2,,TPX2,,FGF2,,IRS2,STC2,,IGSF6,,TGFBR3,CDC6,,,NCS1,TNF,TDRD10,,,,,CXCL1,
253,PDPN,,SHMT2,,C2orf73,,ARNT2,CD276,,TPT1,,LAYN,CKS1B,,,ROR1,UGT2B7,FAM222A,,,,,TEAD3,
254,PPFIA2,,RPS3A,,CHL1,,CDON,WSCD1,,TLR2,,GPR17,FAM167A,,,MOCS1,HOXC4,SH3BP4,,,,,ADM,
255,ACSS3,,AURKA,,RUNX1T1,,GHR,YAP1,,PIK3R6,,MROH2B,CDKN2C,,,ADAMTSL2,NTRK1,SPRED3,,,,,UPK1B,
256,TMEM200C,,RECQL4,,JUN,,ADAMTS10,RNF144A,,MS4A14,,ABLIM3,PKMYT1,,,COL7A1,CACNA2D1,IGFBP7,,,,,PRSS12,
257,MLF1,,MRPL36,,MFAP4,,ABCB9,CCDC39.1,,APOBR,,ADGRA2,CDK2AP2,,,ARHGEF25,HAND2,PLEKHA7,,,,,EPB41L4B,
258,HAND2,,IGF2BP3,,OSMR,,NECTIN3,NT5E,,TBXAS1,,HMCN1,MAD2L1,,,ENC1,INSRR,EFNB1,,,,,SERINC2,
259,EPHA2,,CDK1,,FBLIM1,,IGSF23,EHD2,,GPAT3,,TCF7L1,TRAPPC1,,,FNDC1,KCND3,SYTL4,,,,,PLEKHH1,
260,MPP2,,CPA5,,RNF112,,RHPN2,FBLIM1,,SIRPA,,CNN3,COL9A3,,,BAHCC1,EIF3G,TCIM,,,,,C9,
261,CDH11,,ASF1B,,MYH1,,ACHE,PODXL,,CD14,,HYAL2,CHCHD1,,,PRKG1,CDT1,LOXHD1,,,,,HOOK1,
262,ENAH,,GABRB2,,CSRP2,,C1QTNF1,IL34,,SLC25A6,,IL34,CDK5R1,,,NLGN4X,NPM1,HEY1,,,,,STEAP3,
263,GNAL,,TXNDC17,,FOS,,SH3BGRL2,GRB10,,CCR3,,PPARG,MRPS12,,,NPAS2,C4orf46,PTPN14,,,,,GABRE,
264,CSF1,,UBE2S,,ABCC3,,KCNJ6,IGFBP7,,CD300LF,,RAMP2,TIMM10,,,ZNF462,PGLYRP4,NPFFR2,,,,,BSPRY,
265,AFAP1L2,,NEK2,,NNMT,,DLL1,PRR5,,LIPM,,TSPAN18,TUBA4B,,,ADGRA2,C17orf99,TJP1,,,,,SLC22A25,
266,ACHE,,MND1,,ARHGAP6,,WIPF3,MFAP2,,CYP2S1,,NPFFR2,FBXO43,,,LOX,DMRT1,SERPINH1,,,,,FERMT1,
267,SLC22A25,,KCNQ3,,COLCA2,,TTC39A,C2CD4B,,TLR8,,FAM124B,BEND4,,,GGT5,CPA5,CLIC5,,,,,FSTL4,
268,PTPRT,,ZNF593,,CCL8,,SUSD4,GPRC5B,,CFL1,,RHOB,PRC1,,,PDPN,POU2F3,GNA14,,,,,SCNN1A,
269,PDLIM3,,FBL,,ZFPM2,,SSTR2,CCL20,,FFAR2,,KCTD8,EFCAB3,,,PMP22,HMSD,KCNQ3,,,,,PLEKHN1,
270,RSPO3,,CPA6,,TTLL7,,LCA5,ADGRA2,,LPCAT2,,FLRT2,DCTN3,,,CFH,P2RY1,EGFL7,,,,,DSEL,
271,PGLYRP4,,HMGB3,,FAT1,,MST1R,ITIH3,,CEACAM3,,NRCAM,NOP10,,,KCNE4,CEP55,LIPG,,,,,KLRG2,
272,ACVRL1,,GOLGA7B,,GUCY1A2,,MLF1,HOXD8,,FPR2,,TUBB2A,NEK2,,,OLFML2B,CRISPLD1,RASAL2,,,,,FOXC1,
273,VAT1,,OR4F15,,ST6GALNAC5,,GSTT2B,MEIS2,,GLT1D1,,ELAVL2,UBL5,,,PDLIM3,RPS7,WWTR1,,,,,IGSF21,
274,HEYL,,LSAMP,,SLIT2,,NT5E,CYP46A1,,APRT,,FBXL7,KIF20A,,,ARSJ,GLDC,DOCK6,,,,,GABRB2,
275,TMPRSS2,,CCNB1,,CSF1,,CHST3,FBLN7,,HCK,,VAT1,CENPW,,,TGFBI,TEDC2,FGF18,,,,,PLCH2,
276,APLP1,,WEE1,,NYNRIN,,PLXNB1,TANC1,,PILRA,,PERP,ZNF593,,,ADAMTS15,ESPL1,CEMIP2,,,,,MPZL2,
277,CFAP300,,NDUFS5,,TBX15,,IL17REL,ADAMTS4,,,,TPBG,RPL18A,,,CHPF,CX3CL1,CRTAC1,,,,,NTRK1,
278,SEMA5A,,MT-CO3,,LRRC4B,,DNAH5,ITGA1,,,,NOVA2,FCRLB,,,COL6A5,PPM1E,HEY2,,,,,CYP24A1,
279,GLYATL2,,CELSR3,,CYP26B1,,CRTAC1,KIAA1522,,,,LDB2,HSPE1,,,ENAH,BUB1,TRABD2B,,,,,ANKRD45,
280,NDRG2,,,,DLC1,,PPIC,PEAR1,,,,CLDN7,GNGT2,,,MFAP5,CDCA5,RGS3,,,,,SLC44A4,
281,NAP1L2,,,,EFNB1,,PEX11A,SYTL4,,,,KCNB2,COX6A1,,,TNC,EPOP,MYCN,,,,,WNT9A,
282,GAS1,,,,DPT,,ACOX2,NR5A2,,,,TSPEAR,SETSIP,,,CGNL1,WNT10B,S100A16,,,,,TMEM40,
283,CSPG4,,,,GGTLC2,,C16orf89,BMPER,,,,STK32B,SAMD12,,,LIPG,RPL37,KDR,,,,,CREB3L1,
284,MDK,,,,DKK3,,WFDC3,RHOB,,,,ROBO4,EBF1,,,ABI3BP,FHAD1,NFIB,,,,,CGN,
285,GXYLT2,,,,AOC1,,RASL10A,EPHA2,,,,BACE2,LHFPL2,,,SCD5,NRCAM,SEZ6L2,,,,,AKR1C2,
286,EPOP,,,,ARHGAP20,,ADM2,TMEFF2,,,,C1QTNF1,OSBPL10,,,C11orf96,TRIAP1,RAET1E,,,,,SCNN1G,
287,FAM155A,,,,ST6GAL2,,HOPX,ADCY6,,,,CMBL,TMEM156,,,EMP2,RNF157,EPHA4,,,,,VWA2,
288,GNA14,,,,SMARCA1,,PNPLA3,SYN1,,,,BNC1,CD37,,,CCDC102B,ID2,SH3BGRL2,,,,,MDFI,
289,FZD2,,,,RSPO3,,HES6,VSTM4,,,,DKK3,LAPTM5,,,MYLK,RAD54L,SHISAL1,,,,,HEY1,
290,FGF20,,,,PLPPR4,,SHISAL1,SPAAR,,,,RASSF9,PRDM15,,,SLC6A7,SLC1A3,GJC1,,,,,PHYHIPL,
291,ADGRL2,,,,PTGDS,,CYB5R2,PTPRM,,,,MLF1,BRI3BP,,,NHSL2,ADAM23,LIMS2,,,,,TFAP2A,
292,C1R,,,,PMP22,,CPO,GPC5,,,,TANC1,SET,,,TNFRSF21,UBL5,FBXL7,,,,,CHST1,
293,TENM4,,,,CNN3,,FGF18,SGSM1,,,,PURG,TUBA1B,,,GABRE,CFTR,KCTD8,,,,,AGR2,
294,,,,,SNAI2,,POPDC3,SLC25A27,,,,PARD6G,BCAS4,,,CHST3,TTBK1,TMEM255B,,,,,INAVA,
295,,,,,CYSLTR2,,NYNRIN,FOXP2,,,,ITM2C,ASPM,,,LOXL1,PKMYT1,MN1,,,,,ZBTB42,
296,,,,,EMILIN1,,HEYL,PKHD1L1,,,,ADIRF,CORO1A,,,SLC2A10,RHBDL1,CXCL11,,,,,EPHX3,
297,,,,,PARVA,,ACOT1,TPBG,,,,PMP22,MT-CO2,,,SPON1,KIRREL2,ARHGAP23,,,,,CYP11A1,
298,,,,,COX7A1,,TRPV5,NXPE4,,,,AKAP12,KNL1,,,VGLL3,ZBTB32,CADM3,,,,,SCEL,
299,,,,,BAHCC1,,WNT5A,CXCL3,,,,PAPLN,PPIA,,,RBPMS2,RP1,TMEM204,,,,,PRSS50.1,
300,,,,,ADGRL2,,BEX5,TEAD4,,,,RASAL2,NUSAP1,,,COL18A1,CAPN14,MPZL2,,,,,CPA3,
301,,,,,BOC,,ST6GAL2,GPSM1,,,,WNT3A,CENPE,,,IGDCC4,CDC25A,HOXD3,,,,,ZBED9,
302,,,,,MSRB3,,MYOZ2,TGFBR3,,,,ARHGAP28,RPSA,,,SHOX2,OSBPL6,UACA,,,,,MRLN,
303,,,,,CH25H,,SYNDIG1,ADAMTS5,,,,ZFPM2,PDIA4,,,VAX2,SF3B6,PLA1A,,,,,TTLL10,
304,,,,,CHST3,,PDLIM3,GPR173,,,,FOXC1,RAC2,,,NTM,ADARB2,EXOC3L1,,,,,ASCL4,
305,,,,,MUSK,,DSP,CXCL11,,,,ADAMTSL3,RACK1,,,RSPO3,CDH8,ABLIM3,,,,,C7orf57,
306,,,,,AADAT,,PDE1C,TYR,,,,C1orf198,KIF11,,,SEZ6L2,FSCN1,DOC2B,,,,,FUT6,
307,,,,,PYGO1,,ZFPM2,FAM205C,,,,MYCT1,ANP32E,,,CLIC6,TMEM238,ASAP3,,,,,DRD2,
308,,,,,FAM151A,,TBX2,NOS2,,,,SLC52A3,TUBB4B,,,RARRES2,CKB,ST6GALNAC3,,,,,OR2L3,
309,,,,,LPAR1,,TBX3,RBPMS2,,,,CD36,WEE1,,,KPNA7,DTL,LMCD1,,,,,KCNJ12,
310,,,,,PDE3A,,FBLN5,C16orf78,,,,IGFBP4,NDC80,,,CNN3,MT-CO3,SYBU,,,,,INHA,
311,,,,,CALHM5,,FAM155A,NRG3,,,,KBTBD11,LMO2,,,KCNT2,SORD,FAM13C,,,,,PGLYRP4,
312,,,,,NECTIN3,,ADCY5,RAB17,,,,S1PR1,RBM38,,,THY1,STEAP3,MASP1,,,,,KAZN,
313,,,,,HTRA1,,RAP1GAP,CCM2L,,,,PPIC,SLC25A6,,,SEMA3C,DNAJB5,TPO,,,,,PARD3,
314,,,,,ADGRB2,,GLIS3,ART4,,,,RNF165,MND1,,,SLC25A27,GPR87,ADAMTS4,,,,,RIN2,
315,,,,,FGF7,,CTNNA3,ADM2,,,,NFIB,HMMR,,,PDGFRB,ADAM22,SLC25A27,,,,,LTBP1,
316,,,,,GALNT16,,ABCC3,PRSS48,,,,PALD1,SLC2A5,,,CDH13,CDC6,NYNRIN,,,,,MAPK10,
317,,,,,ENAH,,CLU,RADIL,,,,LRCOL1,GTSE1,,,PDE10A,HECW1,NR5A2,,,,,PARM1,
318,,,,,ARRDC4,,C17orf99,CD9,,,,DLC1,ODC1,,,MYL9,EML1,BCL6B,,,,,MID1,
319,,,,,THY1,,WFDC8,CDH5,,,,NXN,NACA,,,GLIS2,JAKMIP2,HOXD9,,,,,PPP1R9A,
320,,,,,GABRE,,CHST4,FSCN1,,,,PCSK6,GCSAM,,,WWC1,ZBED9,PTPRM,,,,,TGFBR3,
321,,,,,COLEC10,,PRUNE2,,,,,PROX1,HIP1R,,,TNFSF15,TPX2,PTCHD4,,,,,PPM1H,
322,,,,,YAP1,,PIRT,,,,,FILIP1,MANF,,,DDR2,ASPM,CFH,,,,,STXBP6,
323,,,,,CSMD2,,CAVIN3,,,,,TMEM204,SNRPB,,,MT1X,GADD45GIP1,JCAD,,,,,MAP7,
324,,,,,GRID1,,GLIS1,,,,,AGBL4,ANLN,,,SDC2,BEX2,KCTD12,,,,,SGPP2,
325,,,,,TMEM176B,,SORCS2,,,,,ERICH4,MCM4,,,PLEKHH2,CENPE,PROS1,,,,,DLG5,
326,,,,,AKAP12,,PTPRM,,,,,HOXA3,C1QBP,,,CDR2L,PAH,COL18A1,,,,,SEMA6D,
327,,,,,PTGES,,MFGE8,,,,,ANKRD65,CENPU,,,GGTLC2,MYEOV,TRIM47,,,,,PTPRF,
328,,,,,TMEM108,,SPSB4,,,,,EMID1,MRPS34,,,WASF3,CHCHD2,CNTNAP3B,,,,,ITGA3,
329,,,,,PDE10A,,VSTM4,,,,,CEMIP2,DBI,,,ADAMTSL1,PDGFRL,F2R,,,,,CHI3L2,
330,,,,,COL12A1,,ANK2,,,,,CXCL1,FAM111B,,,ZNF343,RPS26,B3GNT3,,,,,TMOD1,
331,,,,,CLEC11A,,COL13A1,,,,,DOCK6,SSNA1,,,CHRD,PYCR1,EFNA1,,,,,CMYA5,
332,,,,,ZFHX4,,XKR4,,,,,TNFRSF4,SNRPF,,,ZNF697,SPC24,GNG11,,,,,CDH26,
333,,,,,NPB,,SLC22A8,,,,,KANK2,SYBU,,,PCOLCE,RPL39,ZNF423,,,,,SOCS2,
334,,,,,PRRX1,,C2orf73,,,,,PTPN21,TMEM258,,,HHIPL1,FOSL1,SFRP1,,,,,EMP2,
335,,,,,COL4A4,,B3GALT5,,,,,FCGR2B,C4orf3,,,SLC51B,CLIC5,ZNF462,,,,,A4GALT,
336,,,,,RASL12,,CHL1,,,,,ARNT2,WDR62,,,C3,HMCN1,TTC39A,,,,,KIAA1522,
337,,,,,MICALL2,,ABLIM3,,,,,MPDZ,HJURP,,,WFDC8,ANLN,FAM155A,,,,,PROSER2,
338,,,,,KIRREL1,,CSRNP3,,,,,LIMCH1,TTK,,,PDGFRL,CHEK1,TSPAN9,,,,,GDA,
339,,,,,ADAMTS15,,CSPG4,,,,,KANK3,ATP5MPL,,,MOV10L1,TTK,CASKIN2,,,,,DHRS9,
340,,,,,PHYHIPL,,GGT5,,,,,UBE2QL1,ATP5MC1,,,MPP2,FBXO43,TGM2,,,,,GALNT13,
341,,,,,PPARGC1A,,LZTS1,,,,,NINL,CDKN3,,,FSTL1,CYSLTR2,SNCG,,,,,CXADR,
342,,,,,SDC2,,RASEF,,,,,NYAP1,AURKAIP1,,,MMP14,IGSF9,ARHGAP29,,,,,TCERG1L,
343,,,,,CDK20,,APCDD1,,,,,IGFBP2,ATP5F1D,,,TMEM26,PDGFRA,FOXC1,,,,,ELOVL2,
344,,,,,TUSC3,,CFAP300,,,,,COX7A1,PLK4,,,TPM1,FGF2,HECW2,,,,,KCNK1,
345,,,,,ETS2,,PDLIM4,,,,,GPM6A,E2F2,,,IGFBP4,DDX4,TGFBR3,,,,,PGBD5,
346,,,,,SMIM10,,CDX1,,,,,SMARCA1,GADD45GIP1,,,HTRA1,CENPU,GPR26,,,,,SLC2A10,
347,,,,,TPM2,,METTL24,,,,,ANGPTL8,SF3B6,,,AZIN2,ADGRB3,KL,,,,,DDR1,
348,,,,,VEGFA,,PIEZO2,,,,,UNC13C,ESPL1,,,FERMT2,ADGRB2,ADGRL2,,,,,EPS8L2,
349,,,,,CSPG4,,GATA2,,,,,PDE2A,APRT,,,TENM4,GFER,MYOF,,,,,SPINT1,
350,,,,,RAP1GAP,,TSPAN15,,,,,CCND1,TOMM7,,,NAV3,LDHB,ARL4A,,,,,FA2H,
351,,,,,CDX1,,FREM1,,,,,CDH5,SHMT2,,,TENM3,RPS21,TMEM74B,,,,,SH3TC2,
352,,,,,APBB2,,PRELP,,,,,GNAT3,PRDX5,,,ABCA8,ANK2,TSPAN7,,,,,COL17A1,
353,,,,,TSKU,,RBPJL,,,,,ERRFI1,POLR2L,,,PURG,RPS3A,MPDZ,,,,,LPA,
354,,,,,TUSC1,,SCD5,,,,,KALRN,FAM83D,,,GNA14,BATF,ADAMTSL1,,,,,FCGBP,
355,,,,,LCA5,,ADGRA2,,,,,ALPK3,SKA3,,,IL34,WIF1,MCTP1,,,,,BEX2,
356,,,,,ITIH3,,BEND6,,,,,TSPAN9,LAMTOR5,,,CDX1,ATP5MPL,PLK2,,,,,NPFFR2,
357,,,,,TCIM,,DSG2,,,,,BCAR1,RPS26,,,FAM20A,OR51M1,GALNT18,,,,,VSNL1,
358,,,,,ANGPT1,,C16orf78,,,,,SHANK3,SEC61G,,,FGF2,NACA,MMEL1,,,,,PRAF2,
359,,,,,HAS2,,SYPL2,,,,,LGMN,RPS3A,,,FST,OR51I2,VEGFC,,,,,NEURL3,
360,,,,,FBLN5,,VEGFA,,,,,CARD10,NHP2,,,CACNA2D1,SYTL3,SOX7,,,,,TSPAN1,
361,,,,,TNXB,,ANKRD65,,,,,GJA1,FRMPD3,,,COL4A4,COL19A1,CAV1,,,,,VXN,
362,,,,,LAMC2,,SMOC2,,,,,SULT1C4,SPC24,,,ADGRL3,GINS2,ARFGEF3,,,,,CAMSAP3,
363,,,,,ADAMTS1,,ADH6,,,,,HEPH,EIF3G,,,SGCD,,NRN1,,,,,LURAP1,
364,,,,,HEPH,,EDNRA,,,,,CHRNA3,UQCRQ,,,ADAMTS10,,KCNJ12,,,,,AP1M2,
365,,,,,SARDH,,CLIC6,,,,,THSD4,GINS2,,,FHL2,,CSF3,,,,,PDGFRL,
366,,,,,OLFML2B,,ALDH1A1,,,,,OSBPL10,MRPL40,,,C9orf92,,LAMB2,,,,,CDC42BPG,
367,,,,,RBMS3,,LRTM1,,,,,HBEGF,CIB1,,,STRA6,,ITGB4,,,,,LPAR3,
368,,,,,TRIM47,,MMP23B,,,,,CNKSR3,CHRAC1,,,CYP24A1,,CDH13,,,,,PTPRZ1,
369,,,,,DLL1,,HHIPL1,,,,,ADAMTS4,MT-ATP8,,,UBE2QL1,,ZNF343,,,,,TMPRSS2,
370,,,,,TWIST1,,TMPRSS11A,,,,,WFS1,POLR2K,,,FBLN5,,,,,,,TRIM7,
371,,,,,TJP1,,INSRR,,,,,PLPPR4,NDUFAF3,,,EFNB1,,,,,,,MEX3D,
372,,,,,CACNA1C,,IGFBP2,,,,,ACKR1,HSD17B10,,,GUCY1B1,,,,,,,MPP2,
373,,,,,METTL24,,KEL,,,,,GALNT14,ARHGEF39,,,RND3,,,,,,,INSRR,
374,,,,,HOXC4,,SLC22A25,,,,,DSP,MRPL36,,,EHD2,,,,,,,SLC15A1,
375,,,,,SSC5D,,AFAP1L2,,,,,FAM124A,COMTD1,,,SH3PXD2B,,,,,,,CAPN13,
376,,,,,SLC24A3,,MUSK,,,,,OLFML2A,POLR2J,,,CAP2,,,,,,,CFB,
377,,,,,KITLG,,PARD3,,,,,SELENOM,CAPN14,,,PAPSS2,,,,,,,SLCO6A1,
378,,,,,EPHA2,,ADAMDEC1,,,,,ACSS3,PPDPF,,,ARRDC4,,,,,,,MPPED1,
379,,,,,ADCY6,,ELN,,,,,WWTR1,TXNDC17,,,KIAA1755,,,,,,,OR2A42,
380,,,,,ADAMTS10,,PLEKHA6,,,,,CR1L,PAQR4,,,PLK2,,,,,,,CYP2J2,
381,,,,,GPX8,,AADAT,,,,,JAG1,DCTPP1,,,PNPLA3,,,,,,,TMEM171,
382,,,,,MPP2,,VAX2,,,,,LILRB5,RNF181,,,GSTM3,,,,,,,C1orf87,
383,,,,,TNFRSF12A,,DAZL,,,,,,MRPL11,,,EPHB2,,,,,,,GJA3,
384,,,,,SLCO1B1,,CAMSAP3,,,,,,KREMEN2,,,CLMP,,,,,,,SEC14L3,
385,,,,,KLHL29,,FZD7,,,,,,PCLAF,,,,,,,,,,SYT3,
386,,,,,NID1,,TBX18,,,,,,EXOSC4,,,,,,,,,,SERPINB5,
387,,,,,TSPAN8,,PCDH11Y,,,,,,TMEM203,,,,,,,,,,HES2,
388,,,,,CNTN1,,KALRN,,,,,,GFER,,,,,,,,,,GAL3ST2,
389,,,,,MXRA8,,DMKN,,,,,,XKRX,,,,,,,,,,SLC5A12,
390,,,,,ADAMTSL1,,COLEC12,,,,,,PSRC1,,,,,,,,,,ARHGEF28,
391,,,,,NFATC4,,FJX1,,,,,,TRIAP1,,,,,,,,,,PTPN14,
392,,,,,VIPR2,,LPAR1,,,,,,MT-CO3,,,,,,,,,,TOX3,
393,,,,,CFAP300,,PRIMA1,,,,,,CHEK1,,,,,,,,,,MOCS1,
394,,,,,FAM216B,,LTBP1,,,,,,RGS1,,,,,,,,,,MPPED2,
395,,,,,CSMD1,,UNC5C,,,,,,RASSF6,,,,,,,,,,PTPN21,
396,,,,,AOC3,,MICALL2,,,,,,VAMP8,,,,,,,,,,SHROOM2,
397,,,,,NRXN2,,DLX5,,,,,,MIXL1,,,,,,,,,,NRG1,
398,,,,,TBX5,,RAI2,,,,,,SKA1,,,,,,,,,,TNFRSF19,
399,,,,,PPFIA2,,PYGO1,,,,,,UBE2T,,,,,,,,,,THSD1,
400,,,,,P3H3,,ZNF732,,,,,,TMEM238,,,,,,,,,,GOLGA7B,
401,,,,,TBX3,,TTYH2,,,,,,GLYATL1B,,,,,,,,,,LIPJ,
402,,,,,RBPMS,,SCARA5,,,,,,ZBED2,,,,,,,,,,DMKN,
403,,,,,ANKRD29,,CITED4,,,,,,FAM81A,,,,,,,,,,IGFBP2,
404,,,,,CNN1,,RGS11,,,,,,CD72,,,,,,,,,,ARL6IP1,
405,,,,,PGR,,TLCD1,,,,,,FBL,,,,,,,,,,GRIK4,
406,,,,,IFI27L2,,NRXN1,,,,,,BLM,,,,,,,,,,ST8SIA6,
407,,,,,WWC1,,TMEM72,,,,,,DCK,,,,,,,,,,ABO,
408,,,,,CTDSPL,,CRB2,,,,,,NCAPH,,,,,,,,,,TNFRSF21,
409,,,,,ATP1A4,,HMCN2,,,,,,CDC25A,,,,,,,,,,PLEKHA6,
410,,,,,NLGN4X,,CHPF,,,,,,SEL1L3,,,,,,,,,,FOXP2,
411,,,,,ISLR,,MAPK10,,,,,,TOMM22,,,,,,,,,,CSF3,
412,,,,,SPARC,,EFEMP2,,,,,,TEDC2,,,,,,,,,,BACE2,
413,,,,,ADM2,,PGLYRP4,,,,,,LYL1,,,,,,,,,,CDC42EP5,
414,,,,,LAMA3,,SEMA7A,,,,,,TROAP,,,,,,,,,,ASS1,
415,,,,,GYG2,,POU6F2,,,,,,CHPF,,,,,,,,,,CACHD1,
416,,,,,TPM1,,ARHGEF25,,,,,,KCNQ5,,,,,,,,,,WFDC8,
417,,,,,RERG,,MGAM2,,,,,,PAX5,,,,,,,,,,ZMYND15,
418,,,,,FGFR1,,CLDN1,,,,,,C19orf48,,,,,,,,,,CLDN7,
419,,,,,PARD3,,LONRF2,,,,,,NPM1,,,,,,,,,,YAP1,
420,,,,,BACE2,,FAM151A,,,,,,PMAIP1,,,,,,,,,,FGF2,
421,,,,,CYS1,,ATP1A4,,,,,,RAD54L,,,,,,,,,,SH3RF2,
422,,,,,MMP23B,,ZFHX4,,,,,,ZWINT,,,,,,,,,,KIAA1217,
423,,,,,EFS,,,,,,,,PRR7,,,,,,,,,,COLEC12,
424,,,,,IL33,,,,,,,,CD22,,,,,,,,,,FAT1,
425,,,,,CTSK,,,,,,,,SLC15A2,,,,,,,,,,PDLIM4,
426,,,,,PTPRF,,,,,,,,PEG10,,,,,,,,,,DNAH5,
427,,,,,,,,,,,,,BUB1B,,,,,,,,,,FIBIN,
428,,,,,,,,,,,,,PCNA,,,,,,,,,,AQP7,
429,,,,,,,,,,,,,CALM2,,,,,,,,,,LYPD6,
430,,,,,,,,,,,,,CD52,,,,,,,,,,SLC4A11,
431,,,,,,,,,,,,,RHOH,,,,,,,,,,SAPCD2,
432,,,,,,,,,,,,,KIF18A,,,,,,,,,,SMARCA1,
433,,,,,,,,,,,,,SLC38A5,,,,,,,,,,PRRX2,
434,,,,,,,,,,,,,RPS21,,,,,,,,,,MYO5B,
435,,,,,,,,,,,,,KIF18B,,,,,,,,,,FAM167A,
436,,,,,,,,,,,,,ARL6IP1,,,,,,,,,,TMPRSS3,
437,,,,,,,,,,,,,EVI2B,,,,,,,,,,CADPS2,
438,,,,,,,,,,,,,ZNF732,,,,,,,,,,BCAM,
439,,,,,,,,,,,,,ATP2A3,,,,,,,,,,CAP2,
440,,,,,,,,,,,,,RPS9,,,,,,,,,,GPR87,
441,,,,,,,,,,,,,TRPV3,,,,,,,,,,LGR4,
442,,,,,,,,,,,,,MT-ND2,,,,,,,,,,PPARGC1A,
443,,,,,,,,,,,,,BLNK,,,,,,,,,,PRKAA2,
444,,,,,,,,,,,,,CD1C,,,,,,,,,,ERICH5,
445,,,,,,,,,,,,,RRM2,,,,,,,,,,APOL4,
446,,,,,,,,,,,,,SLC17A9,,,,,,,,,,CAV1,
447,,,,,,,,,,,,,CCDC85B,,,,,,,,,,PON3,
448,,,,,,,,,,,,,CD74,,,,,,,,,,CHI3L1,
449,,,,,,,,,,,,,CLSPN,,,,,,,,,,GPRC5A,
450,,,,,,,,,,,,,LDHB,,,,,,,,,,PLXNB1,
451,,,,,,,,,,,,,TCL1A,,,,,,,,,,FLRT3,
452,,,,,,,,,,,,,CEP55,,,,,,,,,,THRB,
453,,,,,,,,,,,,,C16orf74,,,,,,,,,,WFDC3,
454,,,,,,,,,,,,,ATP6V1F,,,,,,,,,,MST1R,
455,,,,,,,,,,,,,MT-ND4,,,,,,,,,,SNTG2,
456,,,,,,,,,,,,,TUBB2A,,,,,,,,,,NRCAM,
457,,,,,,,,,,,,,TOX,,,,,,,,,,ADAMTS17,
458,,,,,,,,,,,,,EAF2,,,,,,,,,,TNNI2,
459,,,,,,,,,,,,,ICAM3,,,,,,,,,,KIT,
460,,,,,,,,,,,,,SOX5,,,,,,,,,,ST14,
461,,,,,,,,,,,,,MTRNR2L8,,,,,,,,,,HUNK,
462,,,,,,,,,,,,,CPNE5,,,,,,,,,,SDR16C5,
463,,,,,,,,,,,,,TLR10,,,,,,,,,,CDR2L,
464,,,,,,,,,,,,,GRAP,,,,,,,,,,VSTM4,
465,,,,,,,,,,,,,ZNF860,,,,,,,,,,GNG12,
466,,,,,,,,,,,,,HLA-DRB1,,,,,,,,,,CELSR2,
467,,,,,,,,,,,,,RPL39,,,,,,,,,,SUSD4,
468,,,,,,,,,,,,,ST14,,,,,,,,,,CNN3,
469,,,,,,,,,,,,,HES6,,,,,,,,,,KCNQ3,
470,,,,,,,,,,,,,ANKLE1,,,,,,,,,,PDGFRA,
471,,,,,,,,,,,,,GNB3,,,,,,,,,,SEMA3C,
472,,,,,,,,,,,,,RECQL4,,,,,,,,,,ANK3,
473,,,,,,,,,,,,,PPM1E,,,,,,,,,,SYTL4,
474,,,,,,,,,,,,,SYTL1,,,,,,,,,,MCOLN3,
475,,,,,,,,,,,,,SPINK2,,,,,,,,,,FHL2,
476,,,,,,,,,,,,,MCM10,,,,,,,,,,MAL2,
477,,,,,,,,,,,,,PNOC,,,,,,,,,,MT1X,
478,,,,,,,,,,,,,TNF,,,,,,,,,,FAM160A1,
479,,,,,,,,,,,,,KIF23,,,,,,,,,,CYP27C1,
480,,,,,,,,,,,,,IGF2BP3,,,,,,,,,,ADCY6,
481,,,,,,,,,,,,,TCEAL8,,,,,,,,,,RHPN2,
482,,,,,,,,,,,,,CENPX,,,,,,,,,,TMEM108,
483,,,,,,,,,,,,,CDCA5,,,,,,,,,,TPBG,
484,,,,,,,,,,,,,BTG2,,,,,,,,,,RND1,
485,,,,,,,,,,,,,TPD52,,,,,,,,,,SLC16A9,
486,,,,,,,,,,,,,IGSF10,,,,,,,,,,DOC2B,
487,,,,,,,,,,,,,DEPDC1B,,,,,,,,,,ZNF462,
488,,,,,,,,,,,,,CEACAM21,,,,,,,,,,SLPI,
489,,,,,,,,,,,,,MELK,,,,,,,,,,COL4A5,
490,,,,,,,,,,,,,FAM72B,,,,,,,,,,MEIS2,
491,,,,,,,,,,,,,FABP5,,,,,,,,,,BTC,
492,,,,,,,,,,,,,,,,,,,,,,,GFRA1,
493,,,,,,,,,,,,,,,,,,,,,,,FAT4,
494,,,,,,,,,,,,,,,,,,,,,,,SOX7,
495,,,,,,,,,,,,,,,,,,,,,,,FOXO6,
496,,,,,,,,,,,,,,,,,,,,,,,RSPH1,
497,,,,,,,,,,,,,,,,,,,,,,,ITGB4,
498,,,,,,,,,,,,,,,,,,,,,,,BMPER,
499,,,,,,,,,,,,,,,,,,,,,,,ST6GALNAC1,
500,,,,,,,,,,,,,,,,,,,,,,,CDH7,
501,,,,,,,,,,,,,,,,,,,,,,,WWTR1,
502,,,,,,,,,,,,,,,,,,,,,,,GRM7,
503,,,,,,,,,,,,,,,,,,,,,,,STC2,
504,,,,,,,,,,,,,,,,,,,,,,,SYTL2,
505,,,,,,,,,,,,,,,,,,,,,,,TFCP2L1,
506,,,,,,,,,,,,,,,,,,,,,,,CPXM1,
507,,,,,,,,,,,,,,,,,,,,,,,ARSJ,
508,,,,,,,,,,,,,,,,,,,,,,,WNT3A,
509,,,,,,,,,,,,,,,,,,,,,,,LOXL1,
510,,,,,,,,,,,,,,,,,,,,,,,OSMR,
511,,,,,,,,,,,,,,,,,,,,,,,GLYATL1B,
